,City Name,Latitude,Longtitude,Humidity,Cloudiness,Country,Date,Max Temp,Wind Speed
0,kinkala,-4.35,14.75,88,92,CG,1553569200,297.15,1.11
1,bluff,-23.58,149.07,50,68,AU,1553571018,303.79,2.06
2,castro,-42.48,-73.76,76,0,CL,1553569200,283.15,4.1
3,ushuaia,-54.81,-68.31,70,75,AR,1553569200,280.15,5.7
5,mar del plata,-46.43,-67.52,100,68,AR,1553570865,281.79,2.71
6,marsabit,2.34,37.99,86,8,KE,1553570932,293.69,1.16
7,new norfolk,-42.78,147.06,38,75,AU,1553570954,289.15,9.3
8,ushuaia,-54.81,-68.31,70,75,AR,1553569200,280.15,5.7
9,punta arenas,-53.16,-70.91,65,40,CL,1553570546,281.15,5.7
11,rikitea,-23.12,-134.97,100,64,PF,1553570968,297.59,4.26
12,jamestown,-33.21,138.6,63,0,AU,1553570980,292.14,3.56
13,punta arenas,-53.16,-70.91,65,40,CL,1553570546,281.15,5.7
14,nikel,69.41,30.21,85,0,NO,1553568600,266.15,5.1
15,punta arenas,-53.16,-70.91,65,40,CL,1553570546,281.15,5.7
16,tupik,54.43,119.94,47,0,RU,1553570934,262.94,1.76
17,mataura,-46.19,168.86,87,88,NZ,1553570408,289.82,1.34
18,puerto ayora,-0.74,-90.35,91,0,EC,1553570133,298.71,1.79
19,nazarovo,56.01,90.42,95,0,RU,1553570934,270.49,1.56
20,denpasar,-8.65,115.22,79,20,ID,1553569200,303.15,1
21,rikitea,-23.12,-134.97,100,64,PF,1553570968,297.59,4.26
22,poum,41.28,20.71,81,24,MK,1553571385,271.94,0.76
23,nishihara,35.74,139.53,50,75,JP,1553570701,287.04,1
24,cape town,-33.93,18.42,72,0,ZA,1553570891,290.93,10.3
25,albany,42.65,-73.75,34,20,US,1553570715,273.15,4.6
26,atuona,-9.8,-139.03,100,8,PF,1553570971,301.29,6.46
27,san juan,-31.54,-68.53,88,36,AR,1553570894,287.64,2.26
28,east london,-33.02,27.91,88,75,ZA,1553569200,290.15,3.6
29,touros,-5.2,-35.46,94,20,BR,1553569200,298.15,2.1
30,mehran,33.12,46.17,87,40,IR,1553569200,280.15,2.1
31,mecca,21.43,39.83,34,64,SA,1553571422,291.74,2.21
32,ribeira grande,38.52,-28.7,97,88,PT,1553570840,289.29,4.01
33,atar,20.52,-13.05,59,0,MR,1553570848,286.14,2.51
34,salalah,17.01,54.1,74,40,OM,1553568600,299.15,3.1
35,provideniya,64.42,-173.23,93,90,RU,1553569200,275.15,15
36,bam,29.11,58.36,36,88,IR,1553570917,292.39,4.01
38,hilo,19.71,-155.08,60,75,US,1553570967,296.48,4.6
39,isla vista,34.41,-119.86,62,1,US,1553570915,287.04,2.1
40,lewiston,44.1,-70.21,53,1,US,1553570931,272.04,1.5
41,santa maria,-29.69,-53.81,87,0,BR,1553565600,287.15,0.5
42,hermanus,-34.42,19.24,57,32,ZA,1553570166,290.93,1.79
43,ushuaia,-54.81,-68.31,70,75,AR,1553569200,280.15,5.7
44,rikitea,-23.12,-134.97,100,64,PF,1553570968,297.59,4.26
45,barreirinha,-2.8,-57.07,94,24,BR,1553570940,297.79,0.36
46,mataura,-46.19,168.86,87,88,NZ,1553570408,289.82,1.34
47,rikitea,-23.12,-134.97,100,64,PF,1553570968,297.59,4.26
48,puerto ayora,-0.74,-90.35,91,0,EC,1553570133,298.71,1.79
49,sabang,13.72,123.58,77,24,PH,1553571384,301.54,5.91
50,havoysund,71,24.66,63,75,NO,1553568600,272.15,11.8
51,hambantota,6.12,81.12,79,20,LK,1553569800,302.15,4.1
52,dikson,73.51,80.55,98,88,RU,1553571081,271.89,6.31
53,jamestown,-33.21,138.6,63,0,AU,1553570980,292.14,3.56
54,kaitangata,-46.28,169.85,97,80,NZ,1553570850,291.24,4.91
55,crossfield,51.43,-114.03,93,90,CA,1553570917,279.26,3.1
56,tuktoyaktuk,69.44,-133.03,85,20,CA,1553569200,262.15,3.1
57,castro,-42.48,-73.76,76,0,CL,1553569200,283.15,4.1
58,harper,30.3,-99.24,51,1,US,1553570722,293.15,1.5
59,rikitea,-23.12,-134.97,100,64,PF,1553570968,297.59,4.26
60,vaini,15.34,74.49,65,8,IN,1553569200,299.15,1.56
61,tuatapere,-46.13,167.69,87,80,NZ,1553571009,289.82,1.34
62,thompson,55.74,-97.86,39,75,CA,1553565600,272.15,3.6
63,sechura,-5.56,-80.82,75,0,PE,1553570942,296.09,4.76
64,bluff,-23.58,149.07,50,68,AU,1553571018,303.79,2.06
66,atuona,-9.8,-139.03,100,8,PF,1553570971,301.29,6.46
67,hobart,-42.88,147.33,38,75,AU,1553570954,289.15,9.3
68,elizabeth city,36.3,-76.22,87,90,US,1553570598,287.04,5.7
69,kapaa,22.08,-159.32,73,90,US,1553570902,297.15,5.7
70,adrar,27.87,-0.29,40,76,DZ,1553565600,296.15,6.2
71,padang,-0.92,100.36,70,40,ID,1553569200,303.15,1.5
73,nanortalik,60.14,-45.24,100,80,GL,1553570969,270.24,9.51
74,bambous virieux,-20.34,57.76,94,40,MU,1553570946,298.15,5.56
75,mataura,-46.19,168.86,87,88,NZ,1553570408,289.82,1.34
77,dunedin,-45.87,170.5,65,92,NZ,1553570917,295.39,5.26
78,laguna,27.52,-110.01,38,8,MX,1553571427,295.19,1.61
79,yaritagua,10.08,-69.12,72,0,VE,1553570944,294.54,1.56
80,bluff,-23.58,149.07,50,68,AU,1553571018,303.79,2.06
81,sao filipe,14.9,-24.5,100,0,CV,1553570894,293.49,3.76
82,hobart,-42.88,147.33,38,75,AU,1553570954,289.15,9.3
84,belmonte,40.36,-7.35,59,0,PT,1553571207,283.15,6.26
85,rio gallegos,-51.62,-69.22,65,75,AR,1553569200,281.15,2.6
86,waipawa,-39.94,176.59,50,8,NZ,1553568557,299.26,2.68
87,cockburn town,21.46,-71.14,100,88,TC,1553571428,297.44,6.86
88,seoul,37.57,126.98,28,1,KR,1553569800,288.15,2.1
89,qaanaaq,77.48,-69.36,70,0,GL,1553570997,249.14,3.81
90,christchurch,-43.53,172.64,50,92,NZ,1553571252,298.71,7.7
91,cairns,-16.92,145.77,79,75,AU,1553570280,302.15,3.6
92,shrigonda,18.61,74.7,55,0,IN,1553570946,297.89,2.21
93,champerico,16.38,-93.6,50,5,MX,1553568540,299.15,5.1
94,high level,58.52,-117.13,48,40,CA,1553569200,279.15,4.1
95,jamestown,-33.21,138.6,63,0,AU,1553570980,292.14,3.56
96,champerico,16.38,-93.6,50,5,MX,1553568540,299.15,5.1
97,esperance,10.24,-61.45,88,40,TT,1553571009,298.15,1.5
98,rikitea,-23.12,-134.97,100,64,PF,1553570968,297.59,4.26
99,rikitea,-23.12,-134.97,100,64,PF,1553570968,297.59,4.26
100,mataura,-46.19,168.86,87,88,NZ,1553570408,289.82,1.34
101,tasiilaq,65.61,-37.64,86,88,GL,1553568600,270.15,12.3
102,burnie,-41.05,145.91,51,32,AU,1553571364,289.26,1.34
103,nanortalik,60.14,-45.24,100,80,GL,1553570969,270.24,9.51
104,bluff,-23.58,149.07,50,68,AU,1553571018,303.79,2.06
105,mpika,-11.84,31.4,92,8,ZM,1553570947,289.39,1.91
106,barrow,-38.31,-60.23,75,92,AR,1553571005,285.14,1.91
107,bathsheba,13.22,-59.52,78,40,BB,1553569200,298.15,8.2
108,georgetown,6.8,-58.16,83,0,GY,1553569200,297.15,1
109,saint-pierre,48.95,4.24,93,75,FR,1553570825,277.15,4.1
110,katobu,-4.94,122.53,91,20,ID,1553570948,302.74,1.66
113,hilo,19.71,-155.08,60,75,US,1553570967,296.48,4.6
115,faanui,-16.48,-151.75,100,12,PF,1553571032,301.49,5.41
116,yulara,-25.24,130.99,24,0,AU,1553569200,300.15,5.7
117,clyde river,70.47,-68.59,54,40,CA,1553569200,255.15,6.2
118,provideniya,64.42,-173.23,93,90,RU,1553569200,275.15,15
119,husavik,50.56,-96.99,50,0,CA,1553571299,270.37,4.06
120,bredasdorp,-34.53,20.04,87,32,ZA,1553569200,289.15,2.1
121,busselton,-33.64,115.35,23,44,AU,1553570888,300.37,6.36
122,kapaa,22.08,-159.32,73,90,US,1553570902,297.15,5.7
123,ponta do sol,-20.63,-46,77,20,BR,1553571092,293.64,1.11
124,poum,41.28,20.71,81,24,MK,1553571385,271.94,0.76
125,ribeira grande,38.52,-28.7,97,88,PT,1553570840,289.29,4.01
126,ushuaia,-54.81,-68.31,70,75,AR,1553569200,280.15,5.7
127,ponta do sol,-20.63,-46,77,20,BR,1553571092,293.64,1.11
128,talnakh,69.49,88.39,95,92,RU,1553571122,270.49,6.91
129,rikitea,-23.12,-134.97,100,64,PF,1553570968,297.59,4.26
130,hermanus,-34.42,19.24,57,32,ZA,1553570166,290.93,1.79
131,pevek,69.7,170.27,83,68,RU,1553571016,264.04,7.96
132,touros,-5.2,-35.46,94,20,BR,1553569200,298.15,2.1
133,tasiilaq,65.61,-37.64,86,88,GL,1553568600,270.15,12.3
134,lorengau,-2.02,147.27,100,48,PG,1553571073,301.24,3.16
135,carutapera,-1.2,-46.02,98,88,BR,1553570950,297.99,1.41
136,hualmay,-11.1,-77.61,91,8,PE,1553571433,291.79,2.06
137,sobolevo,54.43,31.9,87,44,RU,1553571433,270.94,3.91
138,puerto ayora,-0.74,-90.35,91,0,EC,1553570133,298.71,1.79
139,hithadhoo,-0.6,73.08,100,80,MV,1553570841,302.29,3.51
140,stokmarknes,68.56,14.91,71,20,NO,1553570152,271.48,1.79
141,asyut,27.18,31.19,46,0,EG,1553565600,285.15,7.2
142,kavieng,-2.57,150.8,100,48,PG,1553571047,299.94,3.26
143,rio esteban,15.83,-86.3,83,20,HN,1553569200,298.15,2.1
144,albany,42.65,-73.75,34,20,US,1553570715,273.15,4.6
145,astakos,38.54,21.08,100,40,GR,1553571290,283.71,0.71
146,tiarei,-17.53,-149.33,62,40,PF,1553570542,304.15,1.5
147,jamestown,-33.21,138.6,63,0,AU,1553570980,292.14,3.56
148,baft,29.23,56.61,89,92,IR,1553570952,280.09,3.76
149,vaini,15.34,74.49,65,8,IN,1553569200,299.15,1.56
150,imuris,30.78,-110.86,27,12,MX,1553570437,295.93,1.79
151,bluff,-23.58,149.07,50,68,AU,1553571018,303.79,2.06
152,carmen,7.2,124.8,39,0,PH,1553571427,307.14,1.41
153,rikitea,-23.12,-134.97,100,64,PF,1553570968,297.59,4.26
154,rikitea,-23.12,-134.97,100,64,PF,1553570968,297.59,4.26
155,yumen,40.29,97.04,43,48,CN,1553570699,282.49,8.36
157,hasaki,35.73,140.83,100,75,JP,1553569477,287.04,1.5
158,gravdal,59.79,5.78,80,0,NO,1553570620,277.15,5.1
159,kamaishi,39.28,141.86,64,40,JP,1553569200,288.15,5.1
160,klaksvik,62.23,-6.59,93,92,FO,1553568600,281.15,6.7
161,hobart,-42.88,147.33,38,75,AU,1553570954,289.15,9.3
162,hermanus,-34.42,19.24,57,32,ZA,1553570166,290.93,1.79
163,rikitea,-23.12,-134.97,100,64,PF,1553570968,297.59,4.26
164,castro,-42.48,-73.76,76,0,CL,1553569200,283.15,4.1
165,motygino,58.18,94.69,54,0,RU,1553570954,269.89,1.31
166,lata,30.78,78.62,100,0,IN,1553571108,279.99,0.51
167,kibaya,-2.2,30.56,93,40,RW,1553570528,289.15,1.5
168,albany,42.65,-73.75,34,20,US,1553570715,273.15,4.6
169,guerrero negro,27.97,-114.04,80,0,MX,1553571089,288.64,3.46
170,longyearbyen,78.22,15.63,77,20,NO,1553568600,257.15,0.5
172,pointe-noire,-4.8,11.85,100,20,CG,1553569200,297.15,1.5
173,vao,59.1,26.19,84,12,EE,1553570955,269.69,4.01
175,hermanus,-34.42,19.24,57,32,ZA,1553570166,290.93,1.79
176,chokurdakh,70.62,147.9,97,0,RU,1553570984,255.39,3.06
177,houma,35.63,111.36,37,76,CN,1553570956,292.04,1.06
178,namatanai,-3.66,152.44,100,76,PG,1553570956,300.74,6.01
179,ushuaia,-54.81,-68.31,70,75,AR,1553569200,280.15,5.7
180,rikitea,-23.12,-134.97,100,64,PF,1553570968,297.59,4.26
181,nadym,65.53,72.51,93,56,RU,1553570956,272.69,8.06
182,emerald,-23.53,148.16,46,40,AU,1553570956,306.15,3.1
183,faanui,-16.48,-151.75,100,12,PF,1553571032,301.49,5.41
184,trofors,65.54,13.39,80,0,NO,1553568600,272.15,1
185,port alfred,-33.59,26.89,95,8,ZA,1553570842,291.74,4.56
186,hilo,19.71,-155.08,60,75,US,1553570967,296.48,4.6
187,castro,-42.48,-73.76,76,0,CL,1553569200,283.15,4.1
188,mataura,-46.19,168.86,87,88,NZ,1553570408,289.82,1.34
189,east london,-33.02,27.91,88,75,ZA,1553569200,290.15,3.6
190,tiksi,71.64,128.87,76,0,RU,1553570900,253.34,1.96
191,baglan,51.62,-3.81,90,0,GB,1553570946,277.15,2.1
192,bath,51.38,-2.36,80,0,GB,1553570896,277.15,2.1
194,albany,42.65,-73.75,34,20,US,1553570715,273.15,4.6
195,nikolskoye,59.7,30.79,86,75,RU,1553570888,272.15,4
196,nikolskoye,59.7,30.79,86,75,RU,1553570888,272.15,4
197,kapaa,22.08,-159.32,73,90,US,1553570902,297.15,5.7
198,hilo,19.71,-155.08,60,75,US,1553570967,296.48,4.6
199,cape town,-33.93,18.42,72,0,ZA,1553570891,290.93,10.3
200,kodiak,39.95,-94.76,70,75,US,1553571091,279.26,4.1
201,hobart,-42.88,147.33,38,75,AU,1553570954,289.15,9.3
204,yellowknife,62.45,-114.38,83,90,CA,1553570606,273.15,4.1
205,gidam,18.98,81.4,55,0,IN,1553570959,300.74,1.96
206,thompson,55.74,-97.86,39,75,CA,1553565600,272.15,3.6
207,walvis bay,-22.95,14.51,87,90,NA,1553569331,289.26,1.5
208,avarua,-21.21,-159.78,83,76,CK,1553569200,301.15,2.6
209,dikson,73.51,80.55,98,88,RU,1553571081,271.89,6.31
211,busselton,-33.64,115.35,23,44,AU,1553570888,300.37,6.36
212,cayenne,4.94,-52.33,78,0,GF,1553569200,298.15,3.46
213,hilo,19.71,-155.08,60,75,US,1553570967,296.48,4.6
214,cherskiy,68.75,161.3,75,48,RU,1553570864,259.54,5.36
215,rikitea,-23.12,-134.97,100,64,PF,1553570968,297.59,4.26
216,jamestown,-33.21,138.6,63,0,AU,1553570980,292.14,3.56
217,hobart,-42.88,147.33,38,75,AU,1553570954,289.15,9.3
218,port alfred,-33.59,26.89,95,8,ZA,1553570842,291.74,4.56
219,tabriz,38.08,46.29,74,40,IR,1553569200,275.15,4.1
220,orlik,52.51,99.83,58,24,RU,1553570961,262.29,1.16
221,nikolskoye,59.7,30.79,86,75,RU,1553570888,272.15,4
222,hovd,63.83,10.7,86,75,NO,1553570949,276.48,14.9
223,belyy yar,53.6,91.39,68,0,RU,1553569200,272.15,1
224,tuatapere,-46.13,167.69,87,80,NZ,1553571009,289.82,1.34
225,amazar,53.86,120.88,41,0,RU,1553570962,263.34,2.66
226,nikolskoye,59.7,30.79,86,75,RU,1553570888,272.15,4
227,yellowknife,62.45,-114.38,83,90,CA,1553570606,273.15,4.1
228,cidreira,-30.17,-50.22,91,0,BR,1553571040,288.09,1.66
229,barrow,-38.31,-60.23,75,92,AR,1553571005,285.14,1.91
230,autazes,-3.58,-59.13,97,20,BR,1553570963,297.94,1.81
231,husavik,50.56,-96.99,50,0,CA,1553571299,270.37,4.06
232,bethel,60.79,-161.76,86,90,US,1553569860,278.15,9.8
233,ushuaia,-54.81,-68.31,70,75,AR,1553569200,280.15,5.7
234,hithadhoo,-0.6,73.08,100,80,MV,1553570841,302.29,3.51
235,puerto ayora,-0.74,-90.35,91,0,EC,1553570133,298.71,1.79
236,muroto,33.37,134.14,51,20,JP,1553569200,289.15,5.7
237,mataura,-46.19,168.86,87,88,NZ,1553570408,289.82,1.34
238,kannangad,12.31,75.11,93,0,IN,1553570964,300.99,2.26
239,puqi,29.72,113.88,85,92,CN,1553570964,289.39,1.61
240,deputatskiy,69.3,139.9,80,0,RU,1553571443,256.79,1.81
241,atambua,-9.11,124.89,99,12,ID,1553570964,301.59,2.16
242,new norfolk,-42.78,147.06,38,75,AU,1553570954,289.15,9.3
243,norman wells,65.28,-126.83,60,75,CA,1553565600,278.15,6.2
244,klaksvik,62.23,-6.59,93,92,FO,1553568600,281.15,6.7
246,avera,33.19,-82.53,95,90,US,1553571330,289.15,2.1
247,ylivieska,64.07,24.53,31,0,FI,1553570844,267.04,3.16
248,nizhniy kuranakh,58.84,125.49,50,48,RU,1553570965,261.09,2.81
249,thompson,55.74,-97.86,39,75,CA,1553565600,272.15,3.6
250,punta arenas,-53.16,-70.91,65,40,CL,1553570546,281.15,5.7
251,san francisco,37.78,-122.42,93,90,US,1553570819,286.48,1.5
252,hamilton,32.3,-64.78,59,40,BM,1553570288,291.15,4.6
253,quelimane,-17.88,36.89,94,0,MZ,1553565600,297.15,1.26
254,kiunga,-6.12,141.3,75,20,PG,1553570967,302.79,1.31
255,mecca,21.43,39.83,34,64,SA,1553571422,291.74,2.21
256,carnarvon,-30.97,22.13,89,0,ZA,1553571058,283.29,5.51
257,norman wells,65.28,-126.83,60,75,CA,1553565600,278.15,6.2
258,barcelos,41.53,-8.62,22,0,PT,1553570875,288.15,5.1
259,makakilo city,21.35,-158.09,57,90,US,1553571027,300.15,4.1
260,albany,42.65,-73.75,34,20,US,1553570715,273.15,4.6
261,ushuaia,-54.81,-68.31,70,75,AR,1553569200,280.15,5.7
262,rikitea,-23.12,-134.97,100,64,PF,1553570968,297.59,4.26
263,awbari,26.59,12.77,84,0,LY,1553570968,280.29,1.26
264,tasiilaq,65.61,-37.64,86,88,GL,1553568600,270.15,12.3
265,richards bay,-28.77,32.06,97,100,ZA,1553570673,294.34,5.96
267,dikson,73.51,80.55,98,88,RU,1553571081,271.89,6.31
268,mataura,-46.19,168.86,87,88,NZ,1553570408,289.82,1.34
269,nanortalik,60.14,-45.24,100,80,GL,1553570969,270.24,9.51
270,rikitea,-23.12,-134.97,100,64,PF,1553570968,297.59,4.26
271,vaitape,-16.52,-151.75,98,68,PF,1553570815,302.24,5.21
272,port blair,11.67,92.75,99,0,IN,1553570671,301.99,4.61
273,qaanaaq,77.48,-69.36,70,0,GL,1553570997,249.14,3.81
274,cape town,-33.93,18.42,72,0,ZA,1553570891,290.93,10.3
275,atasu,48.68,71.64,90,32,KZ,1553570969,276.34,6.11
276,puerto ayora,-0.74,-90.35,91,0,EC,1553570133,298.71,1.79
277,oeiras do para,-2,-49.85,99,80,BR,1553570970,296.99,2.11
278,qaanaaq,77.48,-69.36,70,0,GL,1553570997,249.14,3.81
279,butaritari,3.07,172.79,100,80,KI,1553570970,301.44,6.56
280,kysyl-syr,63.9,122.77,60,0,RU,1553570970,260.99,2.11
281,bassar,9.26,0.78,67,68,TG,1553570970,300.09,3.11
282,bathsheba,13.22,-59.52,78,40,BB,1553569200,298.15,8.2
285,busselton,-33.64,115.35,23,44,AU,1553570888,300.37,6.36
288,atuona,-9.8,-139.03,100,8,PF,1553570971,301.29,6.46
289,ushuaia,-54.81,-68.31,70,75,AR,1553569200,280.15,5.7
290,ushuaia,-54.81,-68.31,70,75,AR,1553569200,280.15,5.7
291,rikitea,-23.12,-134.97,100,64,PF,1553570968,297.59,4.26
292,punta arenas,-53.16,-70.91,65,40,CL,1553570546,281.15,5.7
293,longyearbyen,78.22,15.63,77,20,NO,1553568600,257.15,0.5
294,saskylakh,71.97,114.09,74,48,RU,1553571007,258.44,2.21
295,tuktoyaktuk,69.44,-133.03,85,20,CA,1553569200,262.15,3.1
296,ushuaia,-54.81,-68.31,70,75,AR,1553569200,280.15,5.7
297,ayorou,14.73,0.92,21,12,NE,1553570972,297.89,3.11
298,berea,41.37,-81.85,54,1,US,1553570972,273.15,5.7
299,huarmey,-10.07,-78.15,89,0,PE,1553570973,291.14,0.26
300,dikson,73.51,80.55,98,88,RU,1553571081,271.89,6.31
302,tasiilaq,65.61,-37.64,86,88,GL,1553568600,270.15,12.3
303,denpasar,-8.65,115.22,79,20,ID,1553569200,303.15,1
304,laiwu,36.19,117.66,35,0,CN,1553570974,292.29,4.91
305,antofagasta,-23.65,-70.4,77,20,CL,1553569200,291.15,2.1
306,punta arenas,-53.16,-70.91,65,40,CL,1553570546,281.15,5.7
307,ushuaia,-54.81,-68.31,70,75,AR,1553569200,280.15,5.7
308,kapaa,22.08,-159.32,73,90,US,1553570902,297.15,5.7
309,kavaratti,10.57,72.64,100,0,IN,1553571450,301.64,0.56
310,kulhudhuffushi,6.62,73.07,98,0,MV,1553570724,302.64,4.11
311,soyo,-6.13,12.37,96,88,AO,1553570868,297.99,1.01
312,albany,42.65,-73.75,34,20,US,1553570715,273.15,4.6
313,saskylakh,71.97,114.09,74,48,RU,1553571007,258.44,2.21
314,busselton,-33.64,115.35,23,44,AU,1553570888,300.37,6.36
315,busselton,-33.64,115.35,23,44,AU,1553570888,300.37,6.36
316,doctor arroyo,23.67,-100.18,47,0,MX,1553570975,291.44,3.11
317,dagestanskiye ogni,42.12,48.19,79,0,RU,1553570975,268.54,1.41
318,solon,41.39,-81.44,63,1,US,1553570805,273.15,3.6
320,castro,-42.48,-73.76,76,0,CL,1553569200,283.15,4.1
321,punta arenas,-53.16,-70.91,65,40,CL,1553570546,281.15,5.7
323,general bravo,25.79,-99.18,57,12,MX,1553570976,298.84,7.11
324,cabangahan,10.4,123.92,70,75,PH,1553569200,302.15,5.7
325,camacha,33.08,-16.33,77,40,PT,1553569200,290.15,10.3
326,hermanus,-34.42,19.24,57,32,ZA,1553570166,290.93,1.79
327,vardo,39.62,-77.74,86,90,US,1553570883,278.15,1.5
328,busselton,-33.64,115.35,23,44,AU,1553570888,300.37,6.36
330,buchanan,5.88,-10.05,94,75,LR,1553569200,299.15,2.51
331,khlung,12.46,102.22,66,20,TH,1553570862,305.93,1.5
332,nhamunda,-2.19,-56.71,96,36,BR,1553570978,297.99,1.06
333,ushuaia,-54.81,-68.31,70,75,AR,1553569200,280.15,5.7
334,zalari,53.57,102.52,75,0,RU,1553570978,267.79,4.76
335,jalu,29.03,21.55,83,0,LY,1553571453,282.89,2.01
336,mataura,-46.19,168.86,87,88,NZ,1553570408,289.82,1.34
337,busselton,-33.64,115.35,23,44,AU,1553570888,300.37,6.36
338,castro,-42.48,-73.76,76,0,CL,1553569200,283.15,4.1
339,pavlovo,55.97,43.07,74,0,RU,1553569200,271.15,5
340,castro,-42.48,-73.76,76,0,CL,1553569200,283.15,4.1
341,isangel,-19.55,169.27,55,40,VU,1553569200,304.15,6.2
342,nome,30.04,-94.42,93,1,US,1553570927,294.26,3.46
343,ushuaia,-54.81,-68.31,70,75,AR,1553569200,280.15,5.7
344,jamestown,-33.21,138.6,63,0,AU,1553570980,292.14,3.56
345,gemena,3.25,19.78,94,64,CD,1553570980,295.29,1.31
346,santa maria,-29.69,-53.81,87,0,BR,1553565600,287.15,0.5
347,shimoda,34.7,138.93,93,75,JP,1553569986,285.15,2.1
348,cape town,-33.93,18.42,72,0,ZA,1553570891,290.93,10.3
349,astaneh-ye ashrafiyeh,37.26,49.94,100,90,IR,1553569200,280.15,3.1
351,cape town,-33.93,18.42,72,0,ZA,1553570891,290.93,10.3
352,port alfred,-33.59,26.89,95,8,ZA,1553570842,291.74,4.56
353,maniitsoq,65.42,-52.9,83,20,GL,1553571455,265.39,5.21
354,atuona,-9.8,-139.03,100,8,PF,1553570971,301.29,6.46
355,tingo maria,-9.29,-76.01,93,48,PE,1553570981,290.59,0.76
356,east london,-33.02,27.91,88,75,ZA,1553569200,290.15,3.6
357,puerto ayora,-0.74,-90.35,91,0,EC,1553570133,298.71,1.79
358,abu zabad,12.35,29.25,24,0,SD,1553570982,294.39,5.56
359,ushuaia,-54.81,-68.31,70,75,AR,1553569200,280.15,5.7
360,kumylzhenskaya,49.88,42.59,80,56,RU,1553569478,275.37,2.68
361,punta arenas,-53.16,-70.91,65,40,CL,1553570546,281.15,5.7
362,atuona,-9.8,-139.03,100,8,PF,1553570971,301.29,6.46
363,pitimbu,-7.47,-34.81,83,0,BR,1553569200,299.15,2.1
364,brisbane,-27.47,153.02,62,75,AU,1553570934,303.71,4.6
365,tasiilaq,65.61,-37.64,86,88,GL,1553568600,270.15,12.3
366,krasnyy oktyabr,56.12,38.88,86,48,RU,1553570983,269.24,4.36
367,tasiilaq,65.61,-37.64,86,88,GL,1553568600,270.15,12.3
368,chapleau,47.85,-83.4,66,0,CA,1553570983,263.09,2.26
369,bilma,18.69,12.92,18,24,NE,1553570984,292.29,5.11
370,east london,-33.02,27.91,88,75,ZA,1553569200,290.15,3.6
371,pag,44.45,15.06,45,40,HR,1553569200,282.15,9.3
372,oussouye,12.49,-16.54,99,0,SN,1553570984,293.64,7.16
373,chokurdakh,70.62,147.9,97,0,RU,1553570984,255.39,3.06
374,durban,43.54,0.58,51,40,FR,1553570874,278.15,2.1
375,dunedin,-45.87,170.5,65,92,NZ,1553570917,295.39,5.26
376,dobrotesti,44.28,24.88,63,76,RO,1553570985,279.04,2.36
377,port elizabeth,39.31,-74.98,81,90,US,1553570869,279.82,4.1
378,port alfred,-33.59,26.89,95,8,ZA,1553570842,291.74,4.56
379,laguna,27.52,-110.01,38,8,MX,1553571427,295.19,1.61
380,ushuaia,-54.81,-68.31,70,75,AR,1553569200,280.15,5.7
381,mataura,-46.19,168.86,87,88,NZ,1553570408,289.82,1.34
382,iqaluit,63.75,-68.52,58,40,CA,1553570522,253.15,4.6
383,puerto quijarro,-19,-57.72,65,8,BO,1553570986,297.84,1.76
384,saint george,39.45,22.34,87,0,GR,1553570603,284.26,2.1
385,nanortalik,60.14,-45.24,100,80,GL,1553570969,270.24,9.51
386,kupang,-10.16,123.6,62,40,ID,1553569200,305.15,4.1
387,port alfred,-33.59,26.89,95,8,ZA,1553570842,291.74,4.56
388,port alfred,-33.59,26.89,95,8,ZA,1553570842,291.74,4.56
389,skagen,58.6,13.44,64,0,SE,1553570705,275.15,4.1
390,san patricio,-26.98,-56.83,56,32,PY,1553571089,292.39,2.66
391,rikitea,-23.12,-134.97,100,64,PF,1553570968,297.59,4.26
392,mataura,-46.19,168.86,87,88,NZ,1553570408,289.82,1.34
393,raipur,21.24,81.63,50,20,IN,1553565600,297.15,2.6
394,bredasdorp,-34.53,20.04,87,32,ZA,1553569200,289.15,2.1
395,wewak,-3.55,143.63,92,88,PG,1553570987,298.99,1.06
396,shache,38.42,77.24,41,0,CN,1553570988,282.84,2.01
397,northam,51.04,-4.21,99,0,GB,1553570902,278.71,1.5
398,rikitea,-23.12,-134.97,100,64,PF,1553570968,297.59,4.26
399,rikitea,-23.12,-134.97,100,64,PF,1553570968,297.59,4.26
400,hithadhoo,-0.6,73.08,100,80,MV,1553570841,302.29,3.51
401,rikitea,-23.12,-134.97,100,64,PF,1553570968,297.59,4.26
402,tiksi,71.64,128.87,76,0,RU,1553570900,253.34,1.96
404,rikitea,-23.12,-134.97,100,64,PF,1553570968,297.59,4.26
405,kuusamo,65.96,29.19,85,0,FI,1553568600,262.15,4.1
406,busselton,-33.64,115.35,23,44,AU,1553570888,300.37,6.36
407,port alfred,-33.59,26.89,95,8,ZA,1553570842,291.74,4.56
408,boralday,43.36,76.86,57,0,KZ,1553569200,284.15,2
409,yellowknife,62.45,-114.38,83,90,CA,1553570606,273.15,4.1
410,barcelona,41.38,2.18,81,75,ES,1553570742,287.04,3.6
411,provideniya,64.42,-173.23,93,90,RU,1553569200,275.15,15
412,ulladulla,-35.36,150.48,25,0,AU,1553571146,296.15,3.1
413,ribeira grande,38.52,-28.7,97,88,PT,1553570840,289.29,4.01
414,rikitea,-23.12,-134.97,100,64,PF,1553570968,297.59,4.26
415,ponta delgada,37.73,-25.67,71,20,PT,1553570935,287.15,5.1
416,tual,-5.67,132.75,100,48,ID,1553570990,301.59,2.81
417,pisco,-13.71,-76.2,77,40,PE,1553569200,294.15,6.7
418,dunedin,-45.87,170.5,65,92,NZ,1553570917,295.39,5.26
419,jamestown,-33.21,138.6,63,0,AU,1553570980,292.14,3.56
420,tasiilaq,65.61,-37.64,86,88,GL,1553568600,270.15,12.3
421,cap malheureux,-19.98,57.61,94,40,MU,1553570946,298.15,6.81
422,gat,14.69,-16.54,82,0,SN,1553569200,291.15,2.6
423,puerto ayora,-0.74,-90.35,91,0,EC,1553570133,298.71,1.79
424,tasiilaq,65.61,-37.64,86,88,GL,1553568600,270.15,12.3
425,sinnamary,5.38,-52.96,92,100,GF,1553571463,300.09,4.81
426,albany,42.65,-73.75,34,20,US,1553570715,273.15,4.6
427,provideniya,64.42,-173.23,93,90,RU,1553569200,275.15,15
428,caravelas,-17.73,-39.27,100,20,BR,1553570992,301.29,4.31
429,busselton,-33.64,115.35,23,44,AU,1553570888,300.37,6.36
430,dalvik,57.79,14.13,92,0,SE,1553570705,274.26,4.6
431,tuktoyaktuk,69.44,-133.03,85,20,CA,1553569200,262.15,3.1
432,albany,42.65,-73.75,34,20,US,1553570715,273.15,4.6
433,kolpashevo,58.31,82.9,90,0,RU,1553570993,268.14,2.91
434,gaomi,36.37,119.8,28,0,CN,1553569200,295.15,6
435,narsaq,60.91,-46.05,73,68,GL,1553568600,266.15,1.5
436,bredasdorp,-34.53,20.04,87,32,ZA,1553569200,289.15,2.1
437,ribeira grande,38.52,-28.7,97,88,PT,1553570840,289.29,4.01
438,albany,42.65,-73.75,34,20,US,1553570715,273.15,4.6
439,puerto ayora,-0.74,-90.35,91,0,EC,1553570133,298.71,1.79
440,jamestown,-33.21,138.6,63,0,AU,1553570980,292.14,3.56
442,rikitea,-23.12,-134.97,100,64,PF,1553570968,297.59,4.26
443,esperance,10.24,-61.45,88,40,TT,1553571009,298.15,1.5
445,vaini,15.34,74.49,65,8,IN,1553569200,299.15,1.56
447,presidencia roque saenz pena,-26.79,-60.44,58,80,AR,1553570898,293.94,8.51
448,kolondieba,11.09,-6.89,50,100,ML,1553570994,302.34,2.01
449,tuktoyaktuk,69.44,-133.03,85,20,CA,1553569200,262.15,3.1
450,cape town,-33.93,18.42,72,0,ZA,1553570891,290.93,10.3
451,hilo,19.71,-155.08,60,75,US,1553570967,296.48,4.6
452,mataura,-46.19,168.86,87,88,NZ,1553570408,289.82,1.34
453,qaanaaq,77.48,-69.36,70,0,GL,1553570997,249.14,3.81
454,yellowknife,62.45,-114.38,83,90,CA,1553570606,273.15,4.1
455,arman,59.7,150.17,65,0,RU,1553571049,265.79,4.86
456,rikitea,-23.12,-134.97,100,64,PF,1553570968,297.59,4.26
457,atuona,-9.8,-139.03,100,8,PF,1553570971,301.29,6.46
458,rikitea,-23.12,-134.97,100,64,PF,1553570968,297.59,4.26
460,alofi,-19.06,-169.92,69,75,NU,1553569200,301.15,6.2
461,coihaique,-45.58,-72.07,93,0,CL,1553569200,279.15,0.86
462,busselton,-33.64,115.35,23,44,AU,1553570888,300.37,6.36
464,labuan,5.28,115.24,66,75,BN,1553569200,304.15,2.1
465,new norfolk,-42.78,147.06,38,75,AU,1553570954,289.15,9.3
466,hilo,19.71,-155.08,60,75,US,1553570967,296.48,4.6
467,ushuaia,-54.81,-68.31,70,75,AR,1553569200,280.15,5.7
468,hobart,-42.88,147.33,38,75,AU,1553570954,289.15,9.3
469,bambous virieux,-20.34,57.76,94,40,MU,1553570946,298.15,5.56
470,lebu,8.96,38.73,54,0,ET,1553569200,287.15,0.5
471,qaanaaq,77.48,-69.36,70,0,GL,1553570997,249.14,3.81
473,bathsheba,13.22,-59.52,78,40,BB,1553569200,298.15,8.2
474,kaitangata,-46.28,169.85,97,80,NZ,1553570850,291.24,4.91
475,punta arenas,-53.16,-70.91,65,40,CL,1553570546,281.15,5.7
478,busselton,-33.64,115.35,23,44,AU,1553570888,300.37,6.36
479,poltavka,54.36,71.76,96,88,RU,1553570998,271.39,6.11
480,mansehra,34.33,73.2,53,0,PK,1553570998,283.19,1.16
481,vaini,15.34,74.49,65,8,IN,1553569200,299.15,1.56
482,mataura,-46.19,168.86,87,88,NZ,1553570408,289.82,1.34
483,nikolskoye,59.7,30.79,86,75,RU,1553570888,272.15,4
484,miguel calmon,-11.43,-40.6,99,92,BR,1553570999,293.39,1.66
486,rikitea,-23.12,-134.97,100,64,PF,1553570968,297.59,4.26
487,ushuaia,-54.81,-68.31,70,75,AR,1553569200,280.15,5.7
488,mataura,-46.19,168.86,87,88,NZ,1553570408,289.82,1.34
489,labuhan,-2.54,115.51,76,76,ID,1553571422,301.74,1.41
490,san andres,13.32,122.68,95,12,PH,1553571000,301.09,7.01
491,mezen,65.85,44.24,85,64,RU,1553571000,268.99,1.11
492,hilo,19.71,-155.08,60,75,US,1553570967,296.48,4.6
493,ushuaia,-54.81,-68.31,70,75,AR,1553569200,280.15,5.7
494,new norfolk,-42.78,147.06,38,75,AU,1553570954,289.15,9.3
495,shajapur,23.42,76.29,63,0,IN,1553571001,293.39,2.11
496,taiyuan,37.86,112.56,12,0,CN,1553569200,288.15,2
497,jamestown,-33.21,138.6,63,0,AU,1553570980,292.14,3.56
499,coquimbo,-29.95,-71.34,87,90,CL,1553569200,287.15,1
500,khatanga,71.98,102.47,90,80,RU,1553571003,268.49,6.61
503,dunmore town,25.5,-76.65,100,0,BS,1553570926,296.24,3.66
504,barrow,-38.31,-60.23,75,92,AR,1553571005,285.14,1.91
505,nikolskoye,59.7,30.79,86,75,RU,1553570888,272.15,4
506,upernavik,72.79,-56.15,100,88,GL,1553570869,256.89,5.56
507,jalu,29.03,21.55,83,0,LY,1553571453,282.89,2.01
508,rikitea,-23.12,-134.97,100,64,PF,1553570968,297.59,4.26
509,saskylakh,71.97,114.09,74,48,RU,1553571007,258.44,2.21
510,saint george,39.45,22.34,87,0,GR,1553570603,284.26,2.1
511,jamestown,-33.21,138.6,63,0,AU,1553570980,292.14,3.56
512,victoria,5.28,115.24,66,75,BN,1553569200,304.15,2.1
513,hobart,-42.88,147.33,38,75,AU,1553570954,289.15,9.3
514,puerto ayora,-0.74,-90.35,91,0,EC,1553570133,298.71,1.79
515,rikitea,-23.12,-134.97,100,64,PF,1553570968,297.59,4.26
516,kodiak,39.95,-94.76,70,75,US,1553571091,279.26,4.1
517,port lincoln,-34.72,135.86,86,44,AU,1553571008,292.04,3.56
518,jamestown,-33.21,138.6,63,0,AU,1553570980,292.14,3.56
519,tual,-5.67,132.75,100,48,ID,1553570990,301.59,2.81
520,busselton,-33.64,115.35,23,44,AU,1553570888,300.37,6.36
521,codrington,-28.95,153.24,69,90,AU,1553570993,301.15,1.5
522,katsuura,33.93,134.5,44,20,JP,1553569477,289.15,8.2
524,vaini,15.34,74.49,65,8,IN,1553569200,299.15,1.56
525,rabat,34.02,-6.83,72,0,MA,1553570166,291.15,5.1
527,mataura,-46.19,168.86,87,88,NZ,1553570408,289.82,1.34
528,bournemouth,50.72,-1.88,86,0,GB,1553570882,275.93,2.1
530,vaini,15.34,74.49,65,8,IN,1553569200,299.15,1.56
531,hithadhoo,-0.6,73.08,100,80,MV,1553570841,302.29,3.51
533,busselton,-33.64,115.35,23,44,AU,1553570888,300.37,6.36
534,karratha,-20.74,116.85,97,92,AU,1553570909,298.64,5.46
535,buala,-8.15,159.59,100,56,SB,1553571474,300.79,1.86
536,san cristobal,-0.39,-78.55,93,90,EC,1553570157,288.15,2.6
538,rikitea,-23.12,-134.97,100,64,PF,1553570968,297.59,4.26
539,biak,-0.91,122.88,84,76,ID,1553571011,301.89,1.06
540,el retorno,2.33,-72.63,71,20,CO,1553571011,299.64,0.36
542,atuona,-9.8,-139.03,100,8,PF,1553570971,301.29,6.46
543,narsaq,60.91,-46.05,73,68,GL,1553568600,266.15,1.5
545,yazd,31.89,54.36,87,90,IR,1553569200,286.15,2.1
546,bethel,60.79,-161.76,86,90,US,1553569860,278.15,9.8
547,brokopondo,5.06,-54.98,94,0,SR,1553569200,296.15,0.5
548,nanortalik,60.14,-45.24,100,80,GL,1553570969,270.24,9.51
549,hilo,19.71,-155.08,60,75,US,1553570967,296.48,4.6
550,norman wells,65.28,-126.83,60,75,CA,1553565600,278.15,6.2
551,mount gambier,-37.83,140.78,52,75,AU,1553569200,291.15,7.2
552,mackenzie,55.34,-123.09,75,1,CA,1553565600,278.15,0.91
553,hereford,52.06,-2.72,92,0,GB,1553570716,277.59,1.26
554,hilo,19.71,-155.08,60,75,US,1553570967,296.48,4.6
555,ponta do sol,-20.63,-46,77,20,BR,1553571092,293.64,1.11
556,evanston,42.04,-87.69,50,1,US,1553570910,273.71,2.1
557,kumphawapi,17.11,103.01,58,8,TH,1553569200,304.15,1.5
558,pevek,69.7,170.27,83,68,RU,1553571016,264.04,7.96
559,rio gallegos,-51.62,-69.22,65,75,AR,1553569200,281.15,2.6
561,atuona,-9.8,-139.03,100,8,PF,1553570971,301.29,6.46
562,busselton,-33.64,115.35,23,44,AU,1553570888,300.37,6.36
563,hermanus,-34.42,19.24,57,32,ZA,1553570166,290.93,1.79
564,hilo,19.71,-155.08,60,75,US,1553570967,296.48,4.6
565,puerto madryn,-42.77,-65.04,96,12,AR,1553571017,286.29,6.36
566,atuona,-9.8,-139.03,100,8,PF,1553570971,301.29,6.46
567,hithadhoo,-0.6,73.08,100,80,MV,1553570841,302.29,3.51
568,thompson,55.74,-97.86,39,75,CA,1553565600,272.15,3.6
569,rikitea,-23.12,-134.97,100,64,PF,1553570968,297.59,4.26
570,port-gentil,-0.72,8.78,100,76,GA,1553571017,300.09,1.11
573,hilo,19.71,-155.08,60,75,US,1553570967,296.48,4.6
574,kodiak,39.95,-94.76,70,75,US,1553571091,279.26,4.1
575,antalaha,-14.9,50.28,94,56,MG,1553571477,298.74,1.26
576,bluff,-23.58,149.07,50,68,AU,1553571018,303.79,2.06
577,latur,18.4,76.56,49,0,IN,1553571018,299.49,2.56
578,nikolskoye,59.7,30.79,86,75,RU,1553570888,272.15,4
579,agidel,55.9,53.94,93,92,RU,1553571018,273.64,8.71
580,nikolskoye,59.7,30.79,86,75,RU,1553570888,272.15,4
581,umea,63.83,20.26,79,0,SE,1553568600,269.15,2.6
582,saint-philippe,45.36,-73.48,50,1,CA,1553571013,271.48,6.7
583,linxia,35.6,103.21,44,12,CN,1553571481,280.24,1.36
584,bisira,8.52,-81.71,82,0,PA,1553571019,295.04,1.86
585,cape town,-33.93,18.42,72,0,ZA,1553570891,290.93,10.3
587,tuktoyaktuk,69.44,-133.03,85,20,CA,1553569200,262.15,3.1
589,shinshiro,34.95,137.53,58,75,JP,1553570648,292.59,2.1
590,ancud,-41.87,-73.83,76,0,CL,1553569200,283.15,4.1
591,punta arenas,-53.16,-70.91,65,40,CL,1553570546,281.15,5.7
592,albany,42.65,-73.75,34,20,US,1553570715,273.15,4.6
593,eureka,40.8,-124.16,81,90,US,1553570919,284.15,4.1
594,palmer,-34.85,139.16,49,20,AU,1553571019,294.26,5.7
595,atambua,-9.11,124.89,99,12,ID,1553570964,301.59,2.16
598,kapaa,22.08,-159.32,73,90,US,1553570902,297.15,5.7
599,tilichiki,60.47,166.1,80,88,RU,1553571022,267.39,9.06
600,kaitangata,-46.28,169.85,97,80,NZ,1553570850,291.24,4.91
601,ribeira grande,38.52,-28.7,97,88,PT,1553570840,289.29,4.01
603,bluff,-23.58,149.07,50,68,AU,1553571018,303.79,2.06
604,chokurdakh,70.62,147.9,97,0,RU,1553570984,255.39,3.06
605,laredo,27.51,-99.51,78,1,US,1553570707,296.48,4.1
606,hobart,-42.88,147.33,38,75,AU,1553570954,289.15,9.3
607,carnarvon,-30.97,22.13,89,0,ZA,1553571058,283.29,5.51
608,hobart,-42.88,147.33,38,75,AU,1553570954,289.15,9.3
609,tasiilaq,65.61,-37.64,86,88,GL,1553568600,270.15,12.3
610,vaini,15.34,74.49,65,8,IN,1553569200,299.15,1.56
611,badnawar,23.02,75.23,33,0,IN,1553569200,298.15,3.1
612,san jeronimo,-13.65,-73.37,97,64,PE,1553571023,280.24,0.86
613,ihosy,-22.4,46.13,95,80,MG,1553571024,289.94,1.06
614,mandurah,-32.55,115.7,28,20,AU,1553570404,300.93,6.2
615,castro,-42.48,-73.76,76,0,CL,1553569200,283.15,4.1
616,quesnel,52.98,-122.49,69,90,CA,1553570160,277.15,0.86
617,hermanus,-34.42,19.24,57,32,ZA,1553570166,290.93,1.79
618,mataura,-46.19,168.86,87,88,NZ,1553570408,289.82,1.34
619,bredasdorp,-34.53,20.04,87,32,ZA,1553569200,289.15,2.1
620,hilo,19.71,-155.08,60,75,US,1553570967,296.48,4.6
621,kruisfontein,-34,24.73,87,0,ZA,1553570851,287.59,2.51
622,bluff,-23.58,149.07,50,68,AU,1553571018,303.79,2.06
623,hilo,19.71,-155.08,60,75,US,1553570967,296.48,4.6
625,mzimba,-11.9,33.6,93,24,MW,1553571025,289.24,1.26
626,yellowknife,62.45,-114.38,83,90,CA,1553570606,273.15,4.1
627,hithadhoo,-0.6,73.08,100,80,MV,1553570841,302.29,3.51
628,yar-sale,66.83,70.83,89,48,RU,1553571026,270.59,8.26
629,chuy,-33.69,-53.46,84,100,UY,1553571026,291.64,4.56
630,oktyabrskiy,55.61,37.97,74,0,RU,1553570270,274.82,3
631,kapaa,22.08,-159.32,73,90,US,1553570902,297.15,5.7
632,rikitea,-23.12,-134.97,100,64,PF,1553570968,297.59,4.26
633,te anau,-45.41,167.72,76,80,NZ,1553571118,289.14,5.81
634,akcaabat,41.02,39.57,75,40,TR,1553568600,278.15,3.1
635,barrow,-38.31,-60.23,75,92,AR,1553571005,285.14,1.91
636,kaitangata,-46.28,169.85,97,80,NZ,1553570850,291.24,4.91
637,kapaa,22.08,-159.32,73,90,US,1553570902,297.15,5.7
638,avarua,-21.21,-159.78,83,76,CK,1553569200,301.15,2.6
639,hermanus,-34.42,19.24,57,32,ZA,1553570166,290.93,1.79
640,nanortalik,60.14,-45.24,100,80,GL,1553570969,270.24,9.51
641,rikitea,-23.12,-134.97,100,64,PF,1553570968,297.59,4.26
642,eskisehir,39.78,30.52,85,0,TR,1553568600,269.15,1.16
643,yellandu,17.59,80.32,78,0,IN,1553571028,300.64,2.11
644,yellowknife,62.45,-114.38,83,90,CA,1553570606,273.15,4.1
645,tiksi,71.64,128.87,76,0,RU,1553570900,253.34,1.96
646,ahipara,-35.17,173.16,67,8,NZ,1553571488,296.59,7.01
647,rikitea,-23.12,-134.97,100,64,PF,1553570968,297.59,4.26
648,barrow,-38.31,-60.23,75,92,AR,1553571005,285.14,1.91
649,albany,42.65,-73.75,34,20,US,1553570715,273.15,4.6
650,ushuaia,-54.81,-68.31,70,75,AR,1553569200,280.15,5.7
651,tuktoyaktuk,69.44,-133.03,85,20,CA,1553569200,262.15,3.1
652,geraldton,49.72,-86.95,34,5,CA,1553569200,266.15,1
653,barrow,-38.31,-60.23,75,92,AR,1553571005,285.14,1.91
654,yellowknife,62.45,-114.38,83,90,CA,1553570606,273.15,4.1
655,hobart,-42.88,147.33,38,75,AU,1553570954,289.15,9.3
656,saint anthony,43.97,-111.68,69,1,US,1553571331,277.59,2.1
657,katsuura,33.93,134.5,44,20,JP,1553569477,289.15,8.2
659,hermanus,-34.42,19.24,57,32,ZA,1553570166,290.93,1.79
660,punta arenas,-53.16,-70.91,65,40,CL,1553570546,281.15,5.7
662,punta arenas,-53.16,-70.91,65,40,CL,1553570546,281.15,5.7
663,kapaa,22.08,-159.32,73,90,US,1553570902,297.15,5.7
666,albany,42.65,-73.75,34,20,US,1553570715,273.15,4.6
668,itarema,-2.92,-39.92,98,64,BR,1553571030,297.59,1.61
669,muros,42.77,-9.06,70,0,ES,1553571094,288.15,1
670,iqaluit,63.75,-68.52,58,40,CA,1553570522,253.15,4.6
671,ushuaia,-54.81,-68.31,70,75,AR,1553569200,280.15,5.7
672,bluff,-23.58,149.07,50,68,AU,1553571018,303.79,2.06
673,hermanus,-34.42,19.24,57,32,ZA,1553570166,290.93,1.79
674,port hueneme,34.15,-119.2,76,20,US,1553571029,289.26,2.6
675,dikson,73.51,80.55,98,88,RU,1553571081,271.89,6.31
676,hobyo,5.35,48.53,90,92,SO,1553571031,300.24,5.76
677,kulhudhuffushi,6.62,73.07,98,0,MV,1553570724,302.64,4.11
678,albany,42.65,-73.75,34,20,US,1553570715,273.15,4.6
679,dingle,11,122.67,70,32,PH,1553570870,301.44,5.71
680,hilo,19.71,-155.08,60,75,US,1553570967,296.48,4.6
681,port alfred,-33.59,26.89,95,8,ZA,1553570842,291.74,4.56
682,bredasdorp,-34.53,20.04,87,32,ZA,1553569200,289.15,2.1
683,puerto ayora,-0.74,-90.35,91,0,EC,1553570133,298.71,1.79
684,saint-philippe,45.36,-73.48,50,1,CA,1553571013,271.48,6.7
685,chokurdakh,70.62,147.9,97,0,RU,1553570984,255.39,3.06
687,upernavik,72.79,-56.15,100,88,GL,1553570869,256.89,5.56
689,punta arenas,-53.16,-70.91,65,40,CL,1553570546,281.15,5.7
690,octeville,49.63,-1.64,93,0,FR,1553568600,279.15,1.5
691,torbay,47.66,-52.73,92,90,CA,1553571010,272.59,7.7
692,soyo,-6.13,12.37,96,88,AO,1553570868,297.99,1.01
693,cape town,-33.93,18.42,72,0,ZA,1553570891,290.93,10.3
694,hobart,-42.88,147.33,38,75,AU,1553570954,289.15,9.3
695,chicama,-7.84,-79.15,88,0,PE,1553569200,293.15,4.1
696,hithadhoo,-0.6,73.08,100,80,MV,1553570841,302.29,3.51
697,lebu,8.96,38.73,54,0,ET,1553569200,287.15,0.5
698,castro,-42.48,-73.76,76,0,CL,1553569200,283.15,4.1
699,vaini,15.34,74.49,65,8,IN,1553569200,299.15,1.56
701,taga,35.21,136.34,54,40,JP,1553571033,290.37,2.6
703,kodiak,39.95,-94.76,70,75,US,1553571091,279.26,4.1
704,jamestown,-33.21,138.6,63,0,AU,1553570980,292.14,3.56
707,margate,-43.03,147.26,38,75,AU,1553571014,289.15,9.3
710,hobart,-42.88,147.33,38,75,AU,1553570954,289.15,9.3
711,hilo,19.71,-155.08,60,75,US,1553570967,296.48,4.6
712,pacific grove,36.62,-121.92,63,90,US,1553571028,289.26,6.2
713,punta arenas,-53.16,-70.91,65,40,CL,1553570546,281.15,5.7
714,bingen,49.97,7.9,80,1,DE,1553571030,278.15,3.1
715,atuona,-9.8,-139.03,100,8,PF,1553570971,301.29,6.46
718,mataura,-46.19,168.86,87,88,NZ,1553570408,289.82,1.34
719,bitkine,11.98,18.21,28,0,TD,1553571037,295.19,3.96
720,georgetown,6.8,-58.16,83,0,GY,1553569200,297.15,1
721,mataura,-46.19,168.86,87,88,NZ,1553570408,289.82,1.34
723,ushuaia,-54.81,-68.31,70,75,AR,1553569200,280.15,5.7
724,creel,27.75,-107.63,43,24,MX,1553571038,283.49,1.31
725,kapaa,22.08,-159.32,73,90,US,1553570902,297.15,5.7
726,filadelfia,-22.35,-60.04,90,80,PY,1553571494,296.19,1.16
727,castro,-42.48,-73.76,76,0,CL,1553569200,283.15,4.1
729,busselton,-33.64,115.35,23,44,AU,1553570888,300.37,6.36
732,thompson,55.74,-97.86,39,75,CA,1553565600,272.15,3.6
733,touros,-5.2,-35.46,94,20,BR,1553569200,298.15,2.1
734,saldanha,41.42,-6.55,44,0,PT,1553570935,279.09,7.26
735,tuktoyaktuk,69.44,-133.03,85,20,CA,1553569200,262.15,3.1
736,ushuaia,-54.81,-68.31,70,75,AR,1553569200,280.15,5.7
737,quelimane,-17.88,36.89,94,0,MZ,1553565600,297.15,1.26
738,sitka,37.17,-99.65,77,100,US,1553570147,282.04,2.21
739,nokaneng,-19.66,22.19,49,0,BW,1553571040,294.04,3.26
740,busselton,-33.64,115.35,23,44,AU,1553570888,300.37,6.36
741,bambous virieux,-20.34,57.76,94,40,MU,1553570946,298.15,5.56
742,codrington,-28.95,153.24,69,90,AU,1553570993,301.15,1.5
743,coahuayana,18.62,-100.35,59,0,MX,1553571040,292.79,0.96
744,buluang,10.47,123.98,70,75,PH,1553569200,302.15,5.7
745,saint george,39.45,22.34,87,0,GR,1553570603,284.26,2.1
746,alanya,36.55,32,93,0,TR,1553568600,278.15,2.6
747,tuatapere,-46.13,167.69,87,80,NZ,1553571009,289.82,1.34
748,puerto ayora,-0.74,-90.35,91,0,EC,1553570133,298.71,1.79
749,alekseyevsk,57.84,108.35,57,0,RU,1553571041,264.99,1.61
750,harlingen,26.19,-97.7,83,90,US,1553570917,298.15,2.6
751,cape town,-33.93,18.42,72,0,ZA,1553570891,290.93,10.3
752,punta arenas,-53.16,-70.91,65,40,CL,1553570546,281.15,5.7
753,porto belo,-27.15,-48.54,73,75,BR,1553571004,297.15,5.7
754,buritis,-15.62,-46.42,92,44,BR,1553571042,293.64,1.21
755,barrow,-38.31,-60.23,75,92,AR,1553571005,285.14,1.91
756,butaritari,3.07,172.79,100,80,KI,1553570970,301.44,6.56
758,cam ranh,11.92,109.15,66,40,VN,1553569200,304.15,5.7
759,qaanaaq,77.48,-69.36,70,0,GL,1553570997,249.14,3.81
760,saint-pierre,48.95,4.24,93,75,FR,1553570825,277.15,4.1
761,ushuaia,-54.81,-68.31,70,75,AR,1553569200,280.15,5.7
762,port-cartier,50.03,-66.88,63,5,CA,1553571005,255.37,1
763,east london,-33.02,27.91,88,75,ZA,1553569200,290.15,3.6
764,saskylakh,71.97,114.09,74,48,RU,1553571007,258.44,2.21
765,rikitea,-23.12,-134.97,100,64,PF,1553570968,297.59,4.26
766,olathe,38.88,-94.82,70,75,US,1553571300,284.15,1.5
767,diamantino,-14.4,-56.44,87,36,BR,1553571044,297.29,1.76
769,ulaanbaatar,47.92,106.92,50,40,MN,1553569200,274.15,10
770,port elizabeth,39.31,-74.98,81,90,US,1553570869,279.82,4.1
771,avarua,-21.21,-159.78,83,76,CK,1553569200,301.15,2.6
772,xam nua,20.42,104.04,86,20,LA,1553571045,294.09,1.16
773,ranong,9.96,98.62,62,20,TH,1553569200,305.15,5.1
774,bethel,60.79,-161.76,86,90,US,1553569860,278.15,9.8
775,new norfolk,-42.78,147.06,38,75,AU,1553570954,289.15,9.3
776,souillac,45.6,-0.6,65,0,FR,1553571032,278.15,3.6
777,tautira,-17.73,-149.15,62,40,PF,1553571143,304.15,1.5
779,punta arenas,-53.16,-70.91,65,40,CL,1553570546,281.15,5.7
780,hermanus,-34.42,19.24,57,32,ZA,1553570166,290.93,1.79
781,ewa beach,21.32,-158.01,57,90,US,1553571045,300.15,4.1
782,chapais,49.78,-74.86,64,40,CA,1553569200,255.15,8.2
783,atuona,-9.8,-139.03,100,8,PF,1553570971,301.29,6.46
784,dhidhdhoo,6.88,73.1,98,0,MV,1553571046,302.64,4.11
785,kudahuvadhoo,2.67,72.89,100,0,MV,1553570939,302.24,5.91
786,nishihara,35.74,139.53,50,75,JP,1553570701,287.04,1
787,punta arenas,-53.16,-70.91,65,40,CL,1553570546,281.15,5.7
788,port alfred,-33.59,26.89,95,8,ZA,1553570842,291.74,4.56
789,vaini,15.34,74.49,65,8,IN,1553569200,299.15,1.56
790,miri,10.31,9.75,54,20,NG,1553571047,290.79,1.56
791,hobart,-42.88,147.33,38,75,AU,1553570954,289.15,9.3
792,albany,42.65,-73.75,34,20,US,1553570715,273.15,4.6
793,port elizabeth,39.31,-74.98,81,90,US,1553570869,279.82,4.1
794,rikitea,-23.12,-134.97,100,64,PF,1553570968,297.59,4.26
795,sorbhog,26.5,90.87,53,24,IN,1553571048,298.39,2.81
797,buchanan,5.88,-10.05,94,75,LR,1553569200,299.15,2.51
798,bambanglipuro,-7.95,110.28,98,56,ID,1553571048,300.79,1.76
799,puerto ayora,-0.74,-90.35,91,0,EC,1553570133,298.71,1.79
801,hamilton,32.3,-64.78,59,40,BM,1553570288,291.15,4.6
802,codrington,-28.95,153.24,69,90,AU,1553570993,301.15,1.5
803,albany,42.65,-73.75,34,20,US,1553570715,273.15,4.6
804,lukang,24.06,120.44,68,20,TW,1553571023,298.15,6.2
805,arman,59.7,150.17,65,0,RU,1553571049,265.79,4.86
806,chapais,49.78,-74.86,64,40,CA,1553569200,255.15,8.2
807,esperance,10.24,-61.45,88,40,TT,1553571009,298.15,1.5
808,atambua,-9.11,124.89,99,12,ID,1553570964,301.59,2.16
809,ushuaia,-54.81,-68.31,70,75,AR,1553569200,280.15,5.7
810,mataura,-46.19,168.86,87,88,NZ,1553570408,289.82,1.34
812,kaitangata,-46.28,169.85,97,80,NZ,1553570850,291.24,4.91
813,jamestown,-33.21,138.6,63,0,AU,1553570980,292.14,3.56
814,ewa beach,21.32,-158.01,57,90,US,1553571045,300.15,4.1
815,hami,42.84,93.51,61,8,CN,1553571502,282.49,1.96
816,banat,14.75,33.41,29,0,SD,1553571050,292.54,5.81
817,bodden town,19.28,-81.25,94,20,KY,1553569204,298.15,1
819,kapaa,22.08,-159.32,73,90,US,1553570902,297.15,5.7
820,saskylakh,71.97,114.09,74,48,RU,1553571007,258.44,2.21
821,georgetown,6.8,-58.16,83,0,GY,1553569200,297.15,1
822,bangassou,4.74,22.82,100,88,CF,1553571051,293.79,1.46
823,sitka,37.17,-99.65,77,100,US,1553570147,282.04,2.21
824,port elizabeth,39.31,-74.98,81,90,US,1553570869,279.82,4.1
825,marathon,48.72,-86.38,91,0,CA,1553570971,265.14,3.41
826,salina cruz,16.18,-95.2,40,0,MX,1553571052,301.59,6.61
827,saint-philippe,45.36,-73.48,50,1,CA,1553571013,271.48,6.7
828,mataura,-46.19,168.86,87,88,NZ,1553570408,289.82,1.34
829,iberia,-11.41,-69.49,95,12,PE,1553571052,297.09,1.11
830,yellowknife,62.45,-114.38,83,90,CA,1553570606,273.15,4.1
831,busselton,-33.64,115.35,23,44,AU,1553570888,300.37,6.36
832,ushuaia,-54.81,-68.31,70,75,AR,1553569200,280.15,5.7
833,rikitea,-23.12,-134.97,100,64,PF,1553570968,297.59,4.26
834,pangnirtung,66.15,-65.72,83,76,CA,1553571053,258.09,4.06
835,avarua,-21.21,-159.78,83,76,CK,1553569200,301.15,2.6
836,kapaa,22.08,-159.32,73,90,US,1553570902,297.15,5.7
837,abancay,-13.64,-72.88,94,8,PE,1553571053,278.79,0.81
839,hilo,19.71,-155.08,60,75,US,1553570967,296.48,4.6
840,upata,8.02,-62.41,45,0,VE,1553571053,299.84,5.01
841,te anau,-45.41,167.72,76,80,NZ,1553571118,289.14,5.81
844,busselton,-33.64,115.35,23,44,AU,1553570888,300.37,6.36
845,kapaa,22.08,-159.32,73,90,US,1553570902,297.15,5.7
846,cabra,37.47,-4.43,81,20,ES,1553571044,286.48,1
847,ancud,-41.87,-73.83,76,0,CL,1553569200,283.15,4.1
848,ushuaia,-54.81,-68.31,70,75,AR,1553569200,280.15,5.7
849,mataura,-46.19,168.86,87,88,NZ,1553570408,289.82,1.34
850,molteno,-31.4,26.36,100,36,ZA,1553571055,283.39,3.21
851,punta arenas,-53.16,-70.91,65,40,CL,1553570546,281.15,5.7
853,cape town,-33.93,18.42,72,0,ZA,1553570891,290.93,10.3
854,mataura,-46.19,168.86,87,88,NZ,1553570408,289.82,1.34
855,nikolskoye,59.7,30.79,86,75,RU,1553570888,272.15,4
856,sorland,67.67,12.69,100,48,NO,1553571056,275.64,3.51
857,acajutla,13.59,-89.83,63,0,SV,1553570735,295.93,1.16
859,saint-philippe,45.36,-73.48,50,1,CA,1553571013,271.48,6.7
860,kruisfontein,-34,24.73,87,0,ZA,1553570851,287.59,2.51
861,ushuaia,-54.81,-68.31,70,75,AR,1553569200,280.15,5.7
862,yulara,-25.24,130.99,24,0,AU,1553569200,300.15,5.7
863,richards bay,-28.77,32.06,97,100,ZA,1553570673,294.34,5.96
864,punta arenas,-53.16,-70.91,65,40,CL,1553570546,281.15,5.7
865,qaanaaq,77.48,-69.36,70,0,GL,1553570997,249.14,3.81
866,ushuaia,-54.81,-68.31,70,75,AR,1553569200,280.15,5.7
867,kahului,20.89,-156.47,47,40,US,1553571038,300.15,9.8
868,ponta do sol,-20.63,-46,77,20,BR,1553571092,293.64,1.11
869,castro,-42.48,-73.76,76,0,CL,1553569200,283.15,4.1
870,rikitea,-23.12,-134.97,100,64,PF,1553570968,297.59,4.26
871,punta arenas,-53.16,-70.91,65,40,CL,1553570546,281.15,5.7
872,rawson,-43.3,-65.11,82,0,AR,1553571057,282.54,3.86
873,khatanga,71.98,102.47,90,80,RU,1553571003,268.49,6.61
874,carnarvon,-30.97,22.13,89,0,ZA,1553571058,283.29,5.51
875,yellowknife,62.45,-114.38,83,90,CA,1553570606,273.15,4.1
877,mahebourg,-20.41,57.7,94,40,MU,1553570647,298.15,5.56
878,atuona,-9.8,-139.03,100,8,PF,1553570971,301.29,6.46
879,torbay,47.66,-52.73,92,90,CA,1553571010,272.59,7.7
880,nikolskoye,59.7,30.79,86,75,RU,1553570888,272.15,4
881,qaanaaq,77.48,-69.36,70,0,GL,1553570997,249.14,3.81
882,belyy yar,53.6,91.39,68,0,RU,1553569200,272.15,1
883,punta arenas,-53.16,-70.91,65,40,CL,1553570546,281.15,5.7
884,rikitea,-23.12,-134.97,100,64,PF,1553570968,297.59,4.26
885,mitsamiouli,-11.38,43.28,88,20,KM,1553569200,298.15,2.6
886,mataura,-46.19,168.86,87,88,NZ,1553570408,289.82,1.34
887,dudinka,69.41,86.18,95,92,RU,1553571059,271.14,7.51
888,port alfred,-33.59,26.89,95,8,ZA,1553570842,291.74,4.56
890,barrow,-38.31,-60.23,75,92,AR,1553571005,285.14,1.91
891,busselton,-33.64,115.35,23,44,AU,1553570888,300.37,6.36
892,saint george,39.45,22.34,87,0,GR,1553570603,284.26,2.1
893,punta arenas,-53.16,-70.91,65,40,CL,1553570546,281.15,5.7
894,klaksvik,62.23,-6.59,93,92,FO,1553568600,281.15,6.7
896,tual,-5.67,132.75,100,48,ID,1553570990,301.59,2.81
897,leningradskiy,69.38,178.42,99,92,RU,1553571060,266.49,3.71
898,vaini,15.34,74.49,65,8,IN,1553569200,299.15,1.56
899,saskylakh,71.97,114.09,74,48,RU,1553571007,258.44,2.21
900,cidreira,-30.17,-50.22,91,0,BR,1553571040,288.09,1.66
901,ushuaia,-54.81,-68.31,70,75,AR,1553569200,280.15,5.7
902,ushuaia,-54.81,-68.31,70,75,AR,1553569200,280.15,5.7
903,ancud,-41.87,-73.83,76,0,CL,1553569200,283.15,4.1
904,thompson,55.74,-97.86,39,75,CA,1553565600,272.15,3.6
905,port lincoln,-34.72,135.86,86,44,AU,1553571008,292.04,3.56
907,hobart,-42.88,147.33,38,75,AU,1553570954,289.15,9.3
908,olds,51.79,-114.11,83,90,CA,1553571017,277.04,2.6
909,bluff,-23.58,149.07,50,68,AU,1553571018,303.79,2.06
910,busselton,-33.64,115.35,23,44,AU,1553570888,300.37,6.36
912,teguldet,57.31,88.17,73,0,RU,1553571062,272.39,1.56
913,cabo rojo,18.09,-67.15,80,0,PR,1553571047,298.71,5.86
914,codrington,-28.95,153.24,69,90,AU,1553570993,301.15,1.5
915,chokurdakh,70.62,147.9,97,0,RU,1553570984,255.39,3.06
916,yellowknife,62.45,-114.38,83,90,CA,1553570606,273.15,4.1
917,cape town,-33.93,18.42,72,0,ZA,1553570891,290.93,10.3
918,lebu,8.96,38.73,54,0,ET,1553569200,287.15,0.5
919,cabo san lucas,22.89,-109.91,56,5,MX,1553571306,295.15,5.1
920,hobart,-42.88,147.33,38,75,AU,1553570954,289.15,9.3
921,barrow,-38.31,-60.23,75,92,AR,1553571005,285.14,1.91
922,ushuaia,-54.81,-68.31,70,75,AR,1553569200,280.15,5.7
923,agadez,16.97,7.99,21,12,NE,1553571063,294.99,4.46
924,new norfolk,-42.78,147.06,38,75,AU,1553570954,289.15,9.3
925,upernavik,72.79,-56.15,100,88,GL,1553570869,256.89,5.56
926,port elizabeth,39.31,-74.98,81,90,US,1553570869,279.82,4.1
927,ushuaia,-54.81,-68.31,70,75,AR,1553569200,280.15,5.7
929,cape town,-33.93,18.42,72,0,ZA,1553570891,290.93,10.3
930,khilok,51.36,110.46,49,48,RU,1553571064,268.99,2.56
931,tiksi,71.64,128.87,76,0,RU,1553570900,253.34,1.96
932,daphne,30.6,-87.9,93,1,US,1553571064,293.71,3.6
933,san quintin,17.54,120.52,49,0,PH,1553571065,303.04,1.76
934,airai,-8.93,125.41,83,24,TL,1553571065,299.34,0.76
935,lasa,34.92,32.53,76,20,CY,1553569200,282.15,3.6
936,rikitea,-23.12,-134.97,100,64,PF,1553570968,297.59,4.26
937,atuona,-9.8,-139.03,100,8,PF,1553570971,301.29,6.46
938,tilichiki,60.47,166.1,80,88,RU,1553571022,267.39,9.06
941,jamestown,-33.21,138.6,63,0,AU,1553570980,292.14,3.56
943,tandil,-37.33,-59.14,95,0,AR,1553570154,280.37,3.31
944,ventspils,57.39,21.56,97,0,LV,1553568600,275.15,4.6
945,vaini,15.34,74.49,65,8,IN,1553569200,299.15,1.56
946,ushuaia,-54.81,-68.31,70,75,AR,1553569200,280.15,5.7
947,soavinandriana,-19.17,46.74,94,20,MG,1553571067,288.64,1.16
948,new norfolk,-42.78,147.06,38,75,AU,1553570954,289.15,9.3
949,sitka,37.17,-99.65,77,100,US,1553570147,282.04,2.21
950,port alfred,-33.59,26.89,95,8,ZA,1553570842,291.74,4.56
951,leningradskiy,69.38,178.42,99,92,RU,1553571060,266.49,3.71
952,kapaa,22.08,-159.32,73,90,US,1553570902,297.15,5.7
953,bethel,60.79,-161.76,86,90,US,1553569860,278.15,9.8
954,busselton,-33.64,115.35,23,44,AU,1553570888,300.37,6.36
955,ushuaia,-54.81,-68.31,70,75,AR,1553569200,280.15,5.7
956,rikitea,-23.12,-134.97,100,64,PF,1553570968,297.59,4.26
957,bluff,-23.58,149.07,50,68,AU,1553571018,303.79,2.06
958,ikorodu,6.62,3.5,88,20,NG,1553565600,300.15,1
959,kisangani,0.52,25.21,100,36,CD,1553571516,294.79,0.71
960,port alfred,-33.59,26.89,95,8,ZA,1553570842,291.74,4.56
961,cairns,-16.92,145.77,79,75,AU,1553570280,302.15,3.6
962,punta arenas,-53.16,-70.91,65,40,CL,1553570546,281.15,5.7
963,hobart,-42.88,147.33,38,75,AU,1553570954,289.15,9.3
964,saskylakh,71.97,114.09,74,48,RU,1553571007,258.44,2.21
966,codrington,-28.95,153.24,69,90,AU,1553570993,301.15,1.5
967,vestmannaeyjar,63.44,-20.27,94,92,IS,1553571069,279.09,8.86
968,nemuro,43.32,145.57,89,75,JP,1553569200,277.15,3.1
969,saldanha,41.42,-6.55,44,0,PT,1553570935,279.09,7.26
970,punta arenas,-53.16,-70.91,65,40,CL,1553570546,281.15,5.7
971,salekhard,66.54,66.62,89,92,RU,1553571070,271.79,6.91
973,ilulissat,69.22,-51.1,92,88,GL,1553568600,267.15,5.7
975,poum,41.28,20.71,81,24,MK,1553571385,271.94,0.76
976,mataura,-46.19,168.86,87,88,NZ,1553570408,289.82,1.34
977,pacific grove,36.62,-121.92,63,90,US,1553571028,289.26,6.2
978,cobourg,43.96,-78.17,58,1,CA,1553570896,271.48,1.5
979,santiago,-33.44,-70.65,55,0,CL,1553570956,294.26,2.1
982,qaanaaq,77.48,-69.36,70,0,GL,1553570997,249.14,3.81
983,aksu,52.04,76.93,86,20,KZ,1553569200,274.15,4
984,hilo,19.71,-155.08,60,75,US,1553570967,296.48,4.6
985,khonsa,26.99,95.51,68,0,IN,1553571072,294.44,1.16
986,qaanaaq,77.48,-69.36,70,0,GL,1553570997,249.14,3.81
987,jackson,35.61,-88.82,81,90,US,1553571040,283.71,5.1
988,lorengau,-2.02,147.27,100,48,PG,1553571073,301.24,3.16
990,tete,-16.16,33.59,100,40,MZ,1553569200,294.15,1.11
991,hasaki,35.73,140.83,100,75,JP,1553569477,287.04,1.5
993,thompson,55.74,-97.86,39,75,CA,1553565600,272.15,3.6
994,vardo,39.62,-77.74,86,90,US,1553570883,278.15,1.5
995,kargil,34.56,76.13,89,68,PK,1553571074,261.24,0.26
996,cape town,-33.93,18.42,72,0,ZA,1553570891,290.93,10.3
997,busselton,-33.64,115.35,23,44,AU,1553570888,300.37,6.36
998,mataura,-46.19,168.86,87,88,NZ,1553570408,289.82,1.34
999,hithadhoo,-0.6,73.08,100,80,MV,1553570841,302.29,3.51
1000,biak,-0.91,122.88,84,76,ID,1553571011,301.89,1.06
1001,honningsvag,70.98,25.97,97,48,NO,1553571074,271.49,6.11
1003,sioux lookout,50.1,-91.92,57,5,CA,1553569200,271.15,1.31
1004,hilo,19.71,-155.08,60,75,US,1553570967,296.48,4.6
1005,sisimiut,66.94,-53.67,85,68,GL,1553571075,263.19,1.06
1006,codrington,-28.95,153.24,69,90,AU,1553570993,301.15,1.5
1007,ushuaia,-54.81,-68.31,70,75,AR,1553569200,280.15,5.7
1008,horodnytsya,50.81,27.32,84,12,UA,1553571075,274.14,4.71
1009,aklavik,68.22,-135.01,88,40,CA,1553569200,273.15,2.6
1010,georgetown,6.8,-58.16,83,0,GY,1553569200,297.15,1
1011,tsaratanana,-16.8,47.65,97,100,MG,1553571076,294.34,1.41
1012,rocha,-34.48,-54.34,92,24,UY,1553571076,287.59,2.76
1013,chuy,-33.69,-53.46,84,100,UY,1553571026,291.64,4.56
1015,hilo,19.71,-155.08,60,75,US,1553570967,296.48,4.6
1016,nizhniy odes,63.64,54.86,91,68,RU,1553571076,274.64,2.96
1017,punta arenas,-53.16,-70.91,65,40,CL,1553570546,281.15,5.7
1018,gigmoto,13.78,124.39,90,20,PH,1553571077,300.99,6.61
1019,ushuaia,-54.81,-68.31,70,75,AR,1553569200,280.15,5.7
1020,punta arenas,-53.16,-70.91,65,40,CL,1553570546,281.15,5.7
1021,punta arenas,-53.16,-70.91,65,40,CL,1553570546,281.15,5.7
1022,rikitea,-23.12,-134.97,100,64,PF,1553570968,297.59,4.26
1023,coihueco,-36.63,-71.83,82,36,CL,1553569200,286.15,0.96
1024,cabo san lucas,22.89,-109.91,56,5,MX,1553571306,295.15,5.1
1025,yellowknife,62.45,-114.38,83,90,CA,1553570606,273.15,4.1
1026,hithadhoo,-0.6,73.08,100,80,MV,1553570841,302.29,3.51
1027,dunedin,-45.87,170.5,65,92,NZ,1553570917,295.39,5.26
1028,castro,-42.48,-73.76,76,0,CL,1553569200,283.15,4.1
1030,cayenne,4.94,-52.33,78,0,GF,1553569200,298.15,3.46
1031,rio grande,-32.03,-52.1,95,20,BR,1553571078,292.09,4.31
1032,port alfred,-33.59,26.89,95,8,ZA,1553570842,291.74,4.56
1033,ornskoldsvik,63.29,18.72,92,0,SE,1553568600,272.15,2.1
1034,saint-philippe,45.36,-73.48,50,1,CA,1553571013,271.48,6.7
1035,jawhar,19.91,73.23,29,0,IN,1553571079,303.29,3.66
1036,nemuro,43.32,145.57,89,75,JP,1553569200,277.15,3.1
1037,punta arenas,-53.16,-70.91,65,40,CL,1553570546,281.15,5.7
1038,uuemoisa,58.94,23.59,91,56,EE,1553571003,274.82,2.68
1040,kaitangata,-46.28,169.85,97,80,NZ,1553570850,291.24,4.91
1041,boguchany,58.38,97.46,50,0,RU,1553571080,269.89,1.56
1042,umm lajj,25.02,37.27,100,0,SA,1553571524,288.49,3.11
1043,arraial do cabo,-22.97,-42.02,99,0,BR,1553570851,297.74,1.86
1044,qandala,11.47,49.87,95,0,SO,1553571524,291.64,1.21
1045,kyshtovka,56.56,76.62,92,68,RU,1553571080,268.14,5.36
1047,muli,22.62,71.45,38,0,IN,1553571080,298.74,3.06
1048,dikson,73.51,80.55,98,88,RU,1553571081,271.89,6.31
1049,mahebourg,-20.41,57.7,94,40,MU,1553570647,298.15,5.56
1050,punta arenas,-53.16,-70.91,65,40,CL,1553570546,281.15,5.7
1051,ushuaia,-54.81,-68.31,70,75,AR,1553569200,280.15,5.7
1052,rikitea,-23.12,-134.97,100,64,PF,1553570968,297.59,4.26
1053,kapaa,22.08,-159.32,73,90,US,1553570902,297.15,5.7
1054,qaanaaq,77.48,-69.36,70,0,GL,1553570997,249.14,3.81
1055,sao filipe,14.9,-24.5,100,0,CV,1553570894,293.49,3.76
1056,port hardy,50.7,-127.42,76,90,CA,1553565600,283.15,1
1058,albany,42.65,-73.75,34,20,US,1553570715,273.15,4.6
1059,wukari,7.87,9.78,76,32,NG,1553571082,299.79,4.56
1060,tual,-5.67,132.75,100,48,ID,1553570990,301.59,2.81
1061,mahebourg,-20.41,57.7,94,40,MU,1553570647,298.15,5.56
1062,tupancireta,-29.08,-53.84,72,12,BR,1553571082,286.14,3.56
1063,constitucion,23.99,-104.67,11,5,MX,1553568540,296.15,6.2
1065,chiredzi,-21.05,31.67,84,8,ZW,1553571083,293.34,1.16
1067,tuatapere,-46.13,167.69,87,80,NZ,1553571009,289.82,1.34
1068,eureka,40.8,-124.16,81,90,US,1553570919,284.15,4.1
1069,esso,55.93,158.7,76,68,RU,1553571527,262.54,3.56
1070,chokurdakh,70.62,147.9,97,0,RU,1553570984,255.39,3.06
1071,port elizabeth,39.31,-74.98,81,90,US,1553570869,279.82,4.1
1072,bambous virieux,-20.34,57.76,94,40,MU,1553570946,298.15,5.56
1073,albany,42.65,-73.75,34,20,US,1553570715,273.15,4.6
1074,mount isa,-20.73,139.49,100,90,AU,1553569200,297.15,6.2
1075,klaksvik,62.23,-6.59,93,92,FO,1553568600,281.15,6.7
1076,saskylakh,71.97,114.09,74,48,RU,1553571007,258.44,2.21
1077,khatanga,71.98,102.47,90,80,RU,1553571003,268.49,6.61
1078,busselton,-33.64,115.35,23,44,AU,1553570888,300.37,6.36
1079,albany,42.65,-73.75,34,20,US,1553570715,273.15,4.6
1080,hambantota,6.12,81.12,79,20,LK,1553569800,302.15,4.1
1081,ilulissat,69.22,-51.1,92,88,GL,1553568600,267.15,5.7
1082,cidreira,-30.17,-50.22,91,0,BR,1553571040,288.09,1.66
1083,ushuaia,-54.81,-68.31,70,75,AR,1553569200,280.15,5.7
1084,vaini,15.34,74.49,65,8,IN,1553569200,299.15,1.56
1085,saskylakh,71.97,114.09,74,48,RU,1553571007,258.44,2.21
1086,mataura,-46.19,168.86,87,88,NZ,1553570408,289.82,1.34
1087,busselton,-33.64,115.35,23,44,AU,1553570888,300.37,6.36
1090,ancud,-41.87,-73.83,76,0,CL,1553569200,283.15,4.1
1092,punta arenas,-53.16,-70.91,65,40,CL,1553570546,281.15,5.7
1093,bluff,-23.58,149.07,50,68,AU,1553571018,303.79,2.06
1094,hobart,-42.88,147.33,38,75,AU,1553570954,289.15,9.3
1095,saskylakh,71.97,114.09,74,48,RU,1553571007,258.44,2.21
1096,kapaa,22.08,-159.32,73,90,US,1553570902,297.15,5.7
1097,qaanaaq,77.48,-69.36,70,0,GL,1553570997,249.14,3.81
1098,punta arenas,-53.16,-70.91,65,40,CL,1553570546,281.15,5.7
1099,vaini,15.34,74.49,65,8,IN,1553569200,299.15,1.56
1100,yellowknife,62.45,-114.38,83,90,CA,1553570606,273.15,4.1
1101,touros,-5.2,-35.46,94,20,BR,1553569200,298.15,2.1
1102,saint-philippe,45.36,-73.48,50,1,CA,1553571013,271.48,6.7
1103,rikitea,-23.12,-134.97,100,64,PF,1553570968,297.59,4.26
1104,rikitea,-23.12,-134.97,100,64,PF,1553570968,297.59,4.26
1105,spornoye,50.84,37.29,86,75,RU,1553569200,277.15,5
1106,kirakira,-10.46,161.92,100,76,SB,1553571087,301.89,1.21
1107,ushuaia,-54.81,-68.31,70,75,AR,1553569200,280.15,5.7
1108,chuy,-33.69,-53.46,84,100,UY,1553571026,291.64,4.56
1110,busselton,-33.64,115.35,23,44,AU,1553570888,300.37,6.36
1111,illapel,-31.63,-71.17,95,0,CL,1553571088,286.74,1.41
1112,mar del plata,-46.43,-67.52,100,68,AR,1553570865,281.79,2.71
1113,henties bay,-22.12,14.28,94,80,NA,1553569331,289.26,3.13
1114,bow island,49.87,-111.38,75,20,CA,1553570950,280.15,6.7
1115,san patricio,-26.98,-56.83,56,32,PY,1553571089,292.39,2.66
1116,ushuaia,-54.81,-68.31,70,75,AR,1553569200,280.15,5.7
1117,puerto ayora,-0.74,-90.35,91,0,EC,1553570133,298.71,1.79
1118,guerrero negro,27.97,-114.04,80,0,MX,1553571089,288.64,3.46
1119,bethel,60.79,-161.76,86,90,US,1553569860,278.15,9.8
1120,ushuaia,-54.81,-68.31,70,75,AR,1553569200,280.15,5.7
1121,lakes entrance,-37.88,147.99,35,56,AU,1553570190,293.15,3.58
1122,lubango,-14.92,13.49,90,0,AO,1553571090,288.69,0.41
1123,sungai petani,5.64,100.49,66,75,MY,1553569200,305.15,2.1
1124,balakirevo,56.51,38.84,86,48,RU,1553571090,269.24,4.36
1125,port alfred,-33.59,26.89,95,8,ZA,1553570842,291.74,4.56
1126,henties bay,-22.12,14.28,94,80,NA,1553569331,289.26,3.13
1127,couva,10.42,-61.46,88,40,TT,1553571053,298.15,1.5
1128,avarua,-21.21,-159.78,83,76,CK,1553569200,301.15,2.6
1129,albany,42.65,-73.75,34,20,US,1553570715,273.15,4.6
1130,tasiilaq,65.61,-37.64,86,88,GL,1553568600,270.15,12.3
1131,lensk,60.71,114.91,64,76,RU,1553571091,263.44,3.41
1132,san quintin,17.54,120.52,49,0,PH,1553571065,303.04,1.76
1134,ust-kuyga,70,135.55,73,0,RU,1553571533,253.64,1.91
1135,rikitea,-23.12,-134.97,100,64,PF,1553570968,297.59,4.26
1136,ilulissat,69.22,-51.1,92,88,GL,1553568600,267.15,5.7
1137,simpang,4.82,100.71,70,75,MY,1553569200,304.15,1.5
1138,ponta do sol,-20.63,-46,77,20,BR,1553571092,293.64,1.11
1140,adrar,27.87,-0.29,40,76,DZ,1553565600,296.15,6.2
1141,yarim,14.3,44.38,70,0,YE,1553571092,275.09,0.96
1142,kutum,14.2,24.66,24,0,SD,1553570892,289.44,5.01
1143,mahon,51.89,-8.4,86,20,IE,1553569200,278.15,1.5
1145,fairbanks,64.84,-147.72,93,75,US,1553570919,278.15,1.5
1146,ponta do sol,-20.63,-46,77,20,BR,1553571092,293.64,1.11
1147,puerto ayora,-0.74,-90.35,91,0,EC,1553570133,298.71,1.79
1148,atuona,-9.8,-139.03,100,8,PF,1553570971,301.29,6.46
1149,xudat,41.63,48.68,91,20,AZ,1553571093,269.99,1.61
1150,upernavik,72.79,-56.15,100,88,GL,1553570869,256.89,5.56
1151,hobart,-42.88,147.33,38,75,AU,1553570954,289.15,9.3
1153,mudanya,40.38,28.88,92,0,TR,1553568600,279.26,0.96
1154,clyde river,70.47,-68.59,54,40,CA,1553569200,255.15,6.2
1155,rikitea,-23.12,-134.97,100,64,PF,1553570968,297.59,4.26
1156,tiksi,71.64,128.87,76,0,RU,1553570900,253.34,1.96
1157,hermanus,-34.42,19.24,57,32,ZA,1553570166,290.93,1.79
1158,marzuq,14.4,46.47,67,0,YE,1553571095,281.24,1.46
1159,hermanus,-34.42,19.24,57,32,ZA,1553570166,290.93,1.79
1161,punta arenas,-53.16,-70.91,65,40,CL,1553570546,281.15,5.7
1162,busselton,-33.64,115.35,23,44,AU,1553570888,300.37,6.36
1163,thompson,55.74,-97.86,39,75,CA,1553565600,272.15,3.6
1164,tuktoyaktuk,69.44,-133.03,85,20,CA,1553569200,262.15,3.1
1165,rikitea,-23.12,-134.97,100,64,PF,1553570968,297.59,4.26
1166,vaini,15.34,74.49,65,8,IN,1553569200,299.15,1.56
1167,agarak,38.87,46.2,94,68,AM,1553571096,269.09,0.96
1168,shenjiamen,29.96,122.3,92,8,CN,1553571536,287.14,2.56
1169,albany,42.65,-73.75,34,20,US,1553570715,273.15,4.6
1170,vaini,15.34,74.49,65,8,IN,1553569200,299.15,1.56
1171,yendi,9.45,0,65,20,GH,1553571096,300.99,4.31
1172,arraial do cabo,-22.97,-42.02,99,0,BR,1553570851,297.74,1.86
1173,lorengau,-2.02,147.27,100,48,PG,1553571073,301.24,3.16
1174,kampene,-3.59,26.67,91,36,CD,1553571097,294.19,0.91
1175,ca mau,9.18,105.15,74,48,VN,1553571097,303.79,7.36
1176,rikitea,-23.12,-134.97,100,64,PF,1553570968,297.59,4.26
1177,carnarvon,-30.97,22.13,89,0,ZA,1553571058,283.29,5.51
1178,guerrero negro,27.97,-114.04,80,0,MX,1553571089,288.64,3.46
1179,kavieng,-2.57,150.8,100,48,PG,1553571047,299.94,3.26
1181,fairbanks,64.84,-147.72,93,75,US,1553570919,278.15,1.5
1182,tasiilaq,65.61,-37.64,86,88,GL,1553568600,270.15,12.3
1183,anuchino,43.97,133.06,60,80,RU,1553571098,271.29,3.91
1184,kasama,-10.21,31.19,94,20,ZM,1553571098,289.04,1.21
1185,asha,54.99,57.29,85,88,RU,1553571098,273.09,5.01
1186,leningradskiy,69.38,178.42,99,92,RU,1553571060,266.49,3.71
1187,bandarbeyla,9.49,50.81,100,92,SO,1553571098,299.74,2.51
1188,hilo,19.71,-155.08,60,75,US,1553570967,296.48,4.6
1189,menongue,-14.66,17.68,35,56,AO,1553571099,297.24,1.71
1190,cayenne,4.94,-52.33,78,0,GF,1553569200,298.15,3.46
1191,mataura,-46.19,168.86,87,88,NZ,1553570408,289.82,1.34
1192,airai,-8.93,125.41,83,24,TL,1553571065,299.34,0.76
1193,mataura,-46.19,168.86,87,88,NZ,1553570408,289.82,1.34
1194,hobart,-42.88,147.33,38,75,AU,1553570954,289.15,9.3
1195,mar del plata,-46.43,-67.52,100,68,AR,1553570865,281.79,2.71
1196,havelock,34.88,-76.9,88,90,US,1553570824,292.15,5.1
1197,ponta do sol,-20.63,-46,77,20,BR,1553571092,293.64,1.11
1198,bluff,-23.58,149.07,50,68,AU,1553571018,303.79,2.06
1199,ushuaia,-54.81,-68.31,70,75,AR,1553569200,280.15,5.7
1200,rikitea,-23.12,-134.97,100,64,PF,1553570968,297.59,4.26
1202,northwich,53.26,-2.51,100,75,GB,1553571072,278.71,1.5
1203,hasaki,35.73,140.83,100,75,JP,1553569477,287.04,1.5
1204,las palmas,-6.53,-76.35,290,20,PE,1553569200,290.15,1
1205,butaritari,3.07,172.79,100,80,KI,1553570970,301.44,6.56
1206,chokurdakh,70.62,147.9,97,0,RU,1553570984,255.39,3.06
1207,ushuaia,-54.81,-68.31,70,75,AR,1553569200,280.15,5.7
1208,kifri,34.69,44.96,100,92,IQ,1553571097,282.44,1.41
1209,albany,42.65,-73.75,34,20,US,1553570715,273.15,4.6
1210,castro,-42.48,-73.76,76,0,CL,1553569200,283.15,4.1
1211,yellowknife,62.45,-114.38,83,90,CA,1553570606,273.15,4.1
1213,cherskiy,68.75,161.3,75,48,RU,1553570864,259.54,5.36
1214,punta arenas,-53.16,-70.91,65,40,CL,1553570546,281.15,5.7
1216,rikitea,-23.12,-134.97,100,64,PF,1553570968,297.59,4.26
1217,puerto ayora,-0.74,-90.35,91,0,EC,1553570133,298.71,1.79
1218,ribeira grande,38.52,-28.7,97,88,PT,1553570840,289.29,4.01
1219,elliot,-31.33,27.85,95,36,ZA,1553571103,281.49,1.16
1220,noumea,-22.28,166.46,55,75,NC,1553569200,304.15,3.6
1221,esperance,10.24,-61.45,88,40,TT,1553571009,298.15,1.5
1222,sassandra,4.95,-6.09,97,20,CI,1553571103,301.59,3.51
1223,kodiak,39.95,-94.76,70,75,US,1553571091,279.26,4.1
1225,arlit,18.74,7.39,29,44,NE,1553571103,293.99,2.96
1226,ambikapur,23.12,83.2,75,64,IN,1553571104,293.29,3.01
1227,jiuquan,39.73,98.49,64,0,CN,1553571104,276.09,2.86
1228,olot,39.42,63.81,82,90,UZ,1553569200,290.15,7.2
1229,kapaa,22.08,-159.32,73,90,US,1553570902,297.15,5.7
1230,muzhi,65.4,64.7,94,92,RU,1553571104,273.84,8.81
1231,kapaa,22.08,-159.32,73,90,US,1553570902,297.15,5.7
1232,vaini,15.34,74.49,65,8,IN,1553569200,299.15,1.56
1233,avarua,-21.21,-159.78,83,76,CK,1553569200,301.15,2.6
1234,rikitea,-23.12,-134.97,100,64,PF,1553570968,297.59,4.26
1235,san patricio,-26.98,-56.83,56,32,PY,1553571089,292.39,2.66
1237,punta arenas,-53.16,-70.91,65,40,CL,1553570546,281.15,5.7
1239,neyveli,11.54,79.48,71,0,IN,1553571105,300.14,2.06
1240,ostrovnoy,68.05,39.51,88,68,RU,1553571105,269.39,5.36
1241,bocas del toro,9.33,-82.25,54,92,PA,1553571000,288.71,4.92
1242,aklavik,68.22,-135.01,88,40,CA,1553569200,273.15,2.6
1243,cape town,-33.93,18.42,72,0,ZA,1553570891,290.93,10.3
1244,kapaa,22.08,-159.32,73,90,US,1553570902,297.15,5.7
1246,atuona,-9.8,-139.03,100,8,PF,1553570971,301.29,6.46
1247,saskylakh,71.97,114.09,74,48,RU,1553571007,258.44,2.21
1248,trapani,38.02,12.54,71,0,IT,1553571092,288.71,8.7
1249,albany,42.65,-73.75,34,20,US,1553570715,273.15,4.6
1250,egvekinot,66.32,-179.17,86,88,RU,1553571107,267.39,4.81
1251,portland,45.52,-122.67,87,90,US,1553571498,282.59,2.66
1252,chemodanovka,54.09,40.18,62,76,RU,1553571045,273.15,1.79
1253,ushuaia,-54.81,-68.31,70,75,AR,1553569200,280.15,5.7
1254,bethel,60.79,-161.76,86,90,US,1553569860,278.15,9.8
1255,ambon,47.55,-2.56,77,0,FR,1553570911,279.82,3.1
1256,mataura,-46.19,168.86,87,88,NZ,1553570408,289.82,1.34
1257,tiksi,71.64,128.87,76,0,RU,1553570900,253.34,1.96
1259,ushuaia,-54.81,-68.31,70,75,AR,1553569200,280.15,5.7
1260,hermanus,-34.42,19.24,57,32,ZA,1553570166,290.93,1.79
1261,lata,30.78,78.62,100,0,IN,1553571108,279.99,0.51
1262,tual,-5.67,132.75,100,48,ID,1553570990,301.59,2.81
1263,rikitea,-23.12,-134.97,100,64,PF,1553570968,297.59,4.26
1264,mukhen,48.19,136.14,74,88,RU,1553571109,272.54,1.66
1265,vao,59.1,26.19,84,12,EE,1553570955,269.69,4.01
1266,saint george,39.45,22.34,87,0,GR,1553570603,284.26,2.1
1267,salalah,17.01,54.1,74,40,OM,1553568600,299.15,3.1
1268,mar del plata,-46.43,-67.52,100,68,AR,1553570865,281.79,2.71
1269,punta arenas,-53.16,-70.91,65,40,CL,1553570546,281.15,5.7
1270,ponta do sol,-20.63,-46,77,20,BR,1553571092,293.64,1.11
1271,joshimath,30.57,79.57,93,44,IN,1553571109,266.64,0.51
1272,shimoda,34.7,138.93,93,75,JP,1553569986,285.15,2.1
1273,mataura,-46.19,168.86,87,88,NZ,1553570408,289.82,1.34
1274,fukue,35.03,136.69,54,40,JP,1553571033,292.59,2.6
1275,imbituba,-28.24,-48.67,73,75,BR,1553569200,295.15,3.6
1277,ferrol,43.48,-8.23,61,0,ES,1553571004,284.26,3.6
1278,okhotsk,59.36,143.24,69,0,RU,1553571110,271.79,2.56
1279,barrow,-38.31,-60.23,75,92,AR,1553571005,285.14,1.91
1280,atuona,-9.8,-139.03,100,8,PF,1553570971,301.29,6.46
1281,pasni,25.26,63.48,86,24,PK,1553571547,296.14,1.41
1282,barrow,-38.31,-60.23,75,92,AR,1553571005,285.14,1.91
1283,bredasdorp,-34.53,20.04,87,32,ZA,1553569200,289.15,2.1
1284,essen,51.46,7.01,70,75,DE,1553570946,279.26,3.1
1285,los llanos de aridane,28.66,-17.92,67,0,ES,1553569200,289.15,2.1
1287,mastic beach,40.77,-72.85,39,90,US,1553571109,280.93,2.6
1288,carnarvon,-30.97,22.13,89,0,ZA,1553571058,283.29,5.51
1289,airai,-8.93,125.41,83,24,TL,1553571065,299.34,0.76
1290,hithadhoo,-0.6,73.08,100,80,MV,1553570841,302.29,3.51
1291,busselton,-33.64,115.35,23,44,AU,1553570888,300.37,6.36
1293,busselton,-33.64,115.35,23,44,AU,1553570888,300.37,6.36
1295,gorom-gorom,14.45,-0.24,29,0,BF,1553571112,299.34,4.41
1296,moroni,39.52,-111.59,42,8,US,1553571034,284.82,1.36
1297,ushuaia,-54.81,-68.31,70,75,AR,1553569200,280.15,5.7
1298,tasiilaq,65.61,-37.64,86,88,GL,1553568600,270.15,12.3
1299,clarence town,-32.59,151.78,44,20,AU,1553571054,301.48,5.7
1300,kysyl-syr,63.9,122.77,60,0,RU,1553570970,260.99,2.11
1301,tuktoyaktuk,69.44,-133.03,85,20,CA,1553569200,262.15,3.1
1302,hobart,-42.88,147.33,38,75,AU,1553570954,289.15,9.3
1304,ilulissat,69.22,-51.1,92,88,GL,1553568600,267.15,5.7
1305,mokrous,51.24,47.51,83,56,RU,1553571113,267.79,1.51
1306,butaritari,3.07,172.79,100,80,KI,1553570970,301.44,6.56
1307,tasiilaq,65.61,-37.64,86,88,GL,1553568600,270.15,12.3
1308,hermanus,-34.42,19.24,57,32,ZA,1553570166,290.93,1.79
1309,fairview,40.81,-74,39,90,US,1553571114,281.48,2.51
1310,kununurra,-15.77,128.74,49,8,AU,1553569200,307.15,4.6
1311,trapani,38.02,12.54,71,0,IT,1553571092,288.71,8.7
1312,hobart,-42.88,147.33,38,75,AU,1553570954,289.15,9.3
1313,albany,42.65,-73.75,34,20,US,1553570715,273.15,4.6
1314,lebu,8.96,38.73,54,0,ET,1553569200,287.15,0.5
1315,pisco,-13.71,-76.2,77,40,PE,1553569200,294.15,6.7
1316,half moon bay,37.46,-122.43,93,90,US,1553571073,287.59,1.5
1317,tasiilaq,65.61,-37.64,86,88,GL,1553568600,270.15,12.3
1318,busselton,-33.64,115.35,23,44,AU,1553570888,300.37,6.36
1320,klaksvik,62.23,-6.59,93,92,FO,1553568600,281.15,6.7
1321,palu,-0.9,119.87,74,20,ID,1553571116,299.14,0.76
1322,ferrol,43.48,-8.23,61,0,ES,1553571004,284.26,3.6
1323,kapaa,22.08,-159.32,73,90,US,1553570902,297.15,5.7
1324,wewak,-3.55,143.63,92,88,PG,1553570987,298.99,1.06
1325,boulder city,35.98,-114.83,24,1,US,1553571042,295.15,3.1
1326,iqaluit,63.75,-68.52,58,40,CA,1553570522,253.15,4.6
1327,lebu,8.96,38.73,54,0,ET,1553569200,287.15,0.5
1328,dubrovnik,42.65,18.09,47,0,HR,1553571019,286.15,9.8
1329,busselton,-33.64,115.35,23,44,AU,1553570888,300.37,6.36
1330,khatanga,71.98,102.47,90,80,RU,1553571003,268.49,6.61
1331,ushuaia,-54.81,-68.31,70,75,AR,1553569200,280.15,5.7
1332,snezhnogorsk,69.19,33.23,76,0,RU,1553569200,251.15,1
1333,te anau,-45.41,167.72,76,80,NZ,1553571118,289.14,5.81
1334,cap malheureux,-19.98,57.61,94,40,MU,1553570946,298.15,6.81
1335,ushuaia,-54.81,-68.31,70,75,AR,1553569200,280.15,5.7
1336,barrow,-38.31,-60.23,75,92,AR,1553571005,285.14,1.91
1337,cabo san lucas,22.89,-109.91,56,5,MX,1553571306,295.15,5.1
1338,hobart,-42.88,147.33,38,75,AU,1553570954,289.15,9.3
1339,bethel,60.79,-161.76,86,90,US,1553569860,278.15,9.8
1340,naantali,60.45,22.03,100,8,FI,1553571089,272.59,2.16
1341,whitehorse,60.72,-135.06,45,75,CA,1553570874,279.82,3.1
1342,makakilo city,21.35,-158.09,57,90,US,1553571027,300.15,4.1
1343,flin flon,54.77,-101.88,59,8,CA,1553571119,269.79,3.11
1344,camacha,33.08,-16.33,77,40,PT,1553569200,290.15,10.3
1345,ushuaia,-54.81,-68.31,70,75,AR,1553569200,280.15,5.7
1346,la ronge,55.1,-105.3,43,20,CA,1553569200,274.15,4.6
1347,lebu,8.96,38.73,54,0,ET,1553569200,287.15,0.5
1349,pangnirtung,66.15,-65.72,83,76,CA,1553571053,258.09,4.06
1350,kumluca,36.37,30.29,58,0,TR,1553571120,270.34,1.06
1351,beloha,-25.17,45.06,90,0,MG,1553571014,294.64,3.01
1353,albany,42.65,-73.75,34,20,US,1553570715,273.15,4.6
1354,la asuncion,-1.64,-78.74,99,64,EC,1553571121,281.04,1.06
1355,guerrero negro,27.97,-114.04,80,0,MX,1553571089,288.64,3.46
1356,rikitea,-23.12,-134.97,100,64,PF,1553570968,297.59,4.26
1357,nome,30.04,-94.42,93,1,US,1553570927,294.26,3.46
1358,pisco,-13.71,-76.2,77,40,PE,1553569200,294.15,6.7
1361,barrow,-38.31,-60.23,75,92,AR,1553571005,285.14,1.91
1362,kuruman,-27.46,23.43,70,0,ZA,1553569227,290.37,4.16
1363,new norfolk,-42.78,147.06,38,75,AU,1553570954,289.15,9.3
1364,ushuaia,-54.81,-68.31,70,75,AR,1553569200,280.15,5.7
1365,talnakh,69.49,88.39,95,92,RU,1553571122,270.49,6.91
1366,evanston,42.04,-87.69,50,1,US,1553570910,273.71,2.1
1368,vaini,15.34,74.49,65,8,IN,1553569200,299.15,1.56
1369,tasiilaq,65.61,-37.64,86,88,GL,1553568600,270.15,12.3
1370,talnakh,69.49,88.39,95,92,RU,1553571122,270.49,6.91
1371,muros,42.77,-9.06,70,0,ES,1553571094,288.15,1
1372,bluff,-23.58,149.07,50,68,AU,1553571018,303.79,2.06
1373,broken hill,-31.97,141.45,42,0,AU,1553569200,291.15,5.1
1374,kodiak,39.95,-94.76,70,75,US,1553571091,279.26,4.1
1375,praia,-20.25,-43.81,78,0,BR,1553565600,295.15,2.1
1376,kodiak,39.95,-94.76,70,75,US,1553571091,279.26,4.1
1377,puerto ayora,-0.74,-90.35,91,0,EC,1553570133,298.71,1.79
1379,albany,42.65,-73.75,34,20,US,1553570715,273.15,4.6
1380,mar del plata,-46.43,-67.52,100,68,AR,1553570865,281.79,2.71
1382,mahanoro,-19.9,48.8,99,20,MG,1553571124,295.14,1.16
1383,mataura,-46.19,168.86,87,88,NZ,1553570408,289.82,1.34
1384,port alfred,-33.59,26.89,95,8,ZA,1553570842,291.74,4.56
1385,rikitea,-23.12,-134.97,100,64,PF,1553570968,297.59,4.26
1386,ribeira grande,38.52,-28.7,97,88,PT,1553570840,289.29,4.01
1387,zarubino,42.65,131.06,67,0,RU,1553571125,277.24,6.81
1388,roald,62.58,6.12,69,88,NO,1553571044,275.15,2.6
1389,saint-philippe,45.36,-73.48,50,1,CA,1553571013,271.48,6.7
1390,saint-philippe,45.36,-73.48,50,1,CA,1553571013,271.48,6.7
1391,kelvington,52.16,-103.52,84,68,CA,1553571125,268.64,3.66
1392,tasiilaq,65.61,-37.64,86,88,GL,1553568600,270.15,12.3
1393,barrow,-38.31,-60.23,75,92,AR,1553571005,285.14,1.91
1394,clyde river,70.47,-68.59,54,40,CA,1553569200,255.15,6.2
1395,puerto ayora,-0.74,-90.35,91,0,EC,1553570133,298.71,1.79
1396,ozinki,51.2,49.73,79,12,RU,1553571126,266.34,1.31
1397,enumclaw,47.2,-121.99,87,90,US,1553571125,282.59,4.1
1399,norman wells,65.28,-126.83,60,75,CA,1553565600,278.15,6.2
1400,pendleton,34.65,-82.78,100,1,US,1553571300,286.15,0.81
1401,gigmoto,13.78,124.39,90,20,PH,1553571077,300.99,6.61
1402,ponta do sol,-20.63,-46,77,20,BR,1553571092,293.64,1.11
1403,punta arenas,-53.16,-70.91,65,40,CL,1553570546,281.15,5.7
1404,punta arenas,-53.16,-70.91,65,40,CL,1553570546,281.15,5.7
1405,rikitea,-23.12,-134.97,100,64,PF,1553570968,297.59,4.26
1406,punta arenas,-53.16,-70.91,65,40,CL,1553570546,281.15,5.7
1407,upernavik,72.79,-56.15,100,88,GL,1553570869,256.89,5.56
1408,altamira,-3.2,-52.21,86,76,BR,1553571004,298.04,1.66
1409,camacha,33.08,-16.33,77,40,PT,1553569200,290.15,10.3
1410,hirado,33.32,129.49,51,20,JP,1553570923,290.37,8.2
1411,dunedin,-45.87,170.5,65,92,NZ,1553571380,295.39,5.26
1412,umea,63.83,20.26,79,0,SE,1553568600,269.15,2.6
1413,pisco,-13.71,-76.2,77,40,PE,1553569200,294.15,6.7
1414,barrow,-38.31,-60.23,75,92,AR,1553571005,285.14,1.91
1415,albany,42.65,-73.75,34,20,US,1553570715,273.15,4.6
1416,lebu,8.96,38.73,54,0,ET,1553569200,287.15,0.5
1417,tessalit,20.2,1.01,43,80,ML,1553570853,296.79,4.46
1418,pacific grove,36.62,-121.92,63,90,US,1553571028,289.26,6.2
1419,bredasdorp,-34.53,20.04,87,32,ZA,1553569200,289.15,2.1
1420,port alfred,-33.59,26.89,95,8,ZA,1553570842,291.74,4.56
1421,kodiak,39.95,-94.76,70,75,US,1553571091,279.26,4.1
1422,port alfred,-33.59,26.89,95,8,ZA,1553570842,291.74,4.56
1423,pangnirtung,66.15,-65.72,83,76,CA,1553571053,258.09,4.06
1424,carnarvon,-30.97,22.13,89,0,ZA,1553571058,283.29,5.51
1425,rikitea,-23.12,-134.97,100,64,PF,1553570968,297.59,4.26
1426,ushuaia,-54.81,-68.31,70,75,AR,1553569200,280.15,5.7
1427,atuona,-9.8,-139.03,100,8,PF,1553570971,301.29,6.46
1428,pisco,-13.71,-76.2,77,40,PE,1553569200,294.15,6.7
1429,rikitea,-23.12,-134.97,100,64,PF,1553570968,297.59,4.26
1430,dikson,73.51,80.55,98,88,RU,1553571081,271.89,6.31
1431,jamestown,-33.21,138.6,63,0,AU,1553570980,292.14,3.56
1432,ushuaia,-54.81,-68.31,70,75,AR,1553569200,280.15,5.7
1433,pouebo,-20.4,164.57,68,24,NC,1553571131,302.24,2.66
1434,busselton,-33.64,115.35,23,44,AU,1553570888,300.37,6.36
1435,busselton,-33.64,115.35,23,44,AU,1553570888,300.37,6.36
1436,butaritari,3.07,172.79,100,80,KI,1553570970,301.44,6.56
1437,puerto del rosario,28.5,-13.86,82,0,ES,1553569200,288.15,2.1
1438,cairns,-16.92,145.77,79,75,AU,1553571207,302.15,3.6
1439,guerrero negro,27.97,-114.04,80,0,MX,1553571089,288.64,3.46
1440,puerto ayora,-0.74,-90.35,91,0,EC,1553570133,298.71,1.79
1441,kapaa,22.08,-159.32,73,90,US,1553570902,297.15,5.7
1442,borovoy,63.23,52.89,91,12,RU,1553571132,272.39,4.21
1443,severo-kurilsk,50.68,156.12,100,56,RU,1553571132,271.39,8.96
1444,marica,-22.92,-42.82,83,0,BR,1553571013,299.26,2.1
1445,praia da vitoria,38.73,-27.07,93,20,PT,1553570177,286.48,5.16
1446,georgetown,6.8,-58.16,83,0,GY,1553569200,297.15,1
1447,lebu,8.96,38.73,54,0,ET,1553569200,287.15,0.5
1448,hilo,19.71,-155.08,60,75,US,1553570967,296.48,4.6
1449,longyearbyen,78.22,15.63,77,20,NO,1553568600,257.15,0.5
1450,hermanus,-34.42,19.24,57,32,ZA,1553570166,290.93,1.79
1451,castro,-42.48,-73.76,76,0,CL,1553569200,283.15,4.1
1452,siloam springs,36.19,-94.54,87,90,US,1553571133,283.71,2.1
1453,muli,22.62,71.45,38,0,IN,1553571080,298.74,3.06
1454,atar,20.52,-13.05,59,0,MR,1553570848,286.14,2.51
1456,souillac,45.6,-0.6,65,0,FR,1553571032,278.15,3.6
1457,arraial do cabo,-22.97,-42.02,99,0,BR,1553570851,297.74,1.86
1458,odienne,9.51,-7.57,80,88,CI,1553571134,295.79,2.86
1459,ushuaia,-54.81,-68.31,70,75,AR,1553569200,280.15,5.7
1461,faanui,-16.48,-151.75,100,12,PF,1553571032,301.49,5.41
1462,arraial do cabo,-22.97,-42.02,99,0,BR,1553570851,297.74,1.86
1464,cape town,-33.93,18.42,72,0,ZA,1553570891,290.93,10.3
1465,avarua,-21.21,-159.78,83,76,CK,1553569200,301.15,2.6
1466,isangel,-19.55,169.27,55,40,VU,1553569200,304.15,6.2
1468,ribeira grande,38.52,-28.7,97,88,PT,1553570840,289.29,4.01
1469,kirkwall,58.98,-2.96,87,36,GB,1553568600,280.15,7.2
1470,beloha,-25.17,45.06,90,0,MG,1553571014,294.64,3.01
1471,punta arenas,-53.16,-70.91,65,40,CL,1553570546,281.15,5.7
1473,ushuaia,-54.81,-68.31,70,75,AR,1553569200,280.15,5.7
1475,rikitea,-23.12,-134.97,100,64,PF,1553570968,297.59,4.26
1476,samarai,-10.62,150.67,98,44,PG,1553571136,301.74,6.91
1477,khatanga,71.98,102.47,90,80,RU,1553571003,268.49,6.61
1478,tilichiki,60.47,166.1,80,88,RU,1553571022,267.39,9.06
1479,beringovskiy,63.05,179.32,95,92,RU,1553571137,273.89,16.36
1480,shumskiy,54.83,99.13,50,0,RU,1553571137,269.89,1.36
1481,tiksi,71.64,128.87,76,0,RU,1553570900,253.34,1.96
1482,ushuaia,-54.81,-68.31,70,75,AR,1553569200,280.15,5.7
1483,constitucion,23.99,-104.67,11,5,MX,1553568540,296.15,6.2
1484,ponta do sol,-20.63,-46,77,20,BR,1553571092,293.64,1.11
1485,manaquiri,-3.43,-60.46,94,0,BR,1553569200,298.15,2.6
1486,punta arenas,-53.16,-70.91,65,40,CL,1553570546,281.15,5.7
1487,port hedland,-20.31,118.58,79,80,AU,1553569200,303.15,6.2
1488,hambantota,6.12,81.12,79,20,LK,1553569800,302.15,4.1
1489,rikitea,-23.12,-134.97,100,64,PF,1553570968,297.59,4.26
1490,mataura,-46.19,168.86,87,88,NZ,1553570408,289.82,1.34
1491,georgetown,6.8,-58.16,83,0,GY,1553569200,297.15,1
1492,chenghai,23.46,116.77,88,75,CN,1553569200,293.15,3
1493,carnarvon,-30.97,22.13,89,0,ZA,1553571058,283.29,5.51
1495,butaritari,3.07,172.79,100,80,KI,1553570970,301.44,6.56
1496,thompson,55.74,-97.86,39,75,CA,1553565600,272.15,3.6
1497,bonnyville,54.27,-110.74,69,90,CA,1553569200,277.15,2.1
1498,vaini,15.34,74.49,65,8,IN,1553569200,299.15,1.56
1499,grindavik,63.84,-22.43,80,90,IS,1553570982,278.71,15.4
